,,,,,,Playing Time,,,,Performance,,,,,,,,Expected,,,,Progression,,,Per 90 Minutes,,,,,,,,,
Player,Nation,Pos,Squad,Age,Born,MP,Starts,Min,90s,Gls,Ast,G+A,G-PK,PK,PKatt,CrdY,CrdR,xG,npxG,xAG,npxG+xAG,PrgC,PrgP,PrgR,Gls,Ast,G+A,G-PK,G+A-PK,xG,xAG,xG+xAG,npxG,npxG+xAG
Patrick van Aanholt,nl NED,DF,Crystal Palace,26,1990,28,25,2 184,24.mars,5,1,6,5,0,0,7,0,03.janv,03.janv,02.janv,05.févr,46,92,86,0.21,0.04,0.25,0.21,0.25,0.13,0.09,0.21,0.13,0.21
Rolando Aarons,eng ENG,MF FW,Newcastle Utd,21,1995,4,1,139,01.mai,0,0,0,0,0,0,0,0,0.1,0.1,0.0,0.1,7,3,4,0.00,0.00,0.00,0.00,0.00,0.04,0.00,0.04,0.04,0.04
Tammy Abraham,eng ENG,FW,Swansea City,19,1997,31,15,1 726,19.févr,5,1,6,5,0,0,0,0,06.août,06.août,01.juin,08.avr,19,20,104,0.26,0.05,0.31,0.26,0.31,0.35,0.08,0.44,0.35,0.44
Charlie Adam,sct SCO,MF,Stoke City,31,1985,11,5,411,04.juin,0,0,0,0,0,1,2,1,01.juin,0.9,01.févr,02.janv,6,30,9,0.00,0.00,0.00,0.00,0.00,0.36,0.27,0.63,0.19,0.46
Adrián,es ESP,GK,West Ham,30,1987,19,19,1 71,19.0,0,0,0,0,0,0,2,0,0.0,0.0,0.0,0.0,0,0,0,0.00,0.00,0.00,0.00,0.00,0.00,0.00,0.00,0.00,0.00
Ibrahim Afellay,nl NED,MF,Stoke City,31,1986,6,1,166,01.août,0,0,0,0,0,0,1,0,0.0,0.0,0.0,0.0,0,4,1,0.00,0.00,0.00,0.00,0.00,0.00,0.00,0.00,0.00,0.00
Benik Afobe,cd COD,FW,Bournemouth,24,1993,17,5,611,06.août,0,0,0,0,0,0,0,0,01.juin,01.juin,0.1,01.août,12,9,37,0.00,0.00,0.00,0.00,0.00,0.27,0.02,0.30,0.27,0.30
Sergio Agüero,ar ARG,FW,Manchester City,29,1988,25,22,1 963,21.août,21,6,27,17,4,4,2,0,16.févr,13.janv,05.juin,18.juil,89,49,214,0.96,0.28,janv.24,0.78,01.mai,0.75,0.26,1.00,0.60,0.86
Nathan Aké,nl NED,DF,Bournemouth,22,1995,38,37,3 353,37.3,2,3,5,2,0,0,5,0,01.avr,01.avr,01.sept,03.avr,14,96,10,0.05,0.08,0.13,0.05,0.13,0.04,0.05,0.09,0.04,0.09
Marc Albrighton,eng ENG,MF FW,Leicester City,27,1989,34,30,2 538,28.févr,2,7,9,2,0,0,5,1,01.juin,01.juin,05.juil,07.mars,64,114,162,0.07,0.25,0.32,0.07,0.32,0.06,0.20,0.26,0.06,0.26
Toby Alderweireld,be BEL,DF,Tottenham,28,1989,14,13,1 178,13.janv,0,0,0,0,0,0,3,0,0.4,0.4,0.1,0.5,12,109,5,0.00,0.00,0.00,0.00,0.00,0.03,0.01,0.04,0.03,0.04
Trent Alexander-Arnold,eng ENG,DF,Liverpool,18,1998,19,18,1 573,17.mai,1,1,2,1,0,0,3,0,1.0,1.0,02.juin,03.juin,39,94,126,0.06,0.06,0.11,0.06,0.11,0.05,0.15,0.21,0.05,0.21
Joe Allen,wls WAL,MF,Stoke City,27,1990,36,36,3 139,34.9,2,6,8,2,0,0,8,0,01.août,01.août,02.août,04.juin,37,165,89,0.06,0.17,0.23,0.06,0.23,0.05,0.08,0.13,0.05,0.13
Dele Alli,eng ENG,MF FW,Tottenham,21,1996,36,34,2 958,32.9,9,10,19,9,0,0,7,0,09.janv,09.janv,08.févr,17.mars,100,181,359,0.27,0.30,0.58,0.27,0.58,0.28,0.25,0.53,0.28,0.53
Marcos Alonso,es ESP,DF MF,Chelsea,26,1990,33,33,2 855,31.juil,7,2,9,7,0,0,6,0,04.janv,04.janv,02.août,7.0,78,103,261,0.22,0.06,0.28,0.22,0.28,0.13,0.09,0.22,0.13,0.22
Daniel Amartey,gh GHA,DF,Leicester City,22,1994,8,6,487,05.avr,0,0,0,0,0,0,2,1,0.0,0.0,0.0,0.0,5,14,4,0.00,0.00,0.00,0.00,0.00,0.00,0.00,0.00,0.00,0.00
Ethan Ampadu,wls WAL,DF,Chelsea,16,2000,1,0,11,0.1,0,0,0,0,0,0,0,0,0.0,0.0,0.0,0.0,0,1,0,0.00,0.00,0.00,0.00,0.00,0.00,0.00,0.00,0.00,0.00
Nordin Amrabat,ma MAR,FW,Watford,30,1987,3,3,198,02.févr,0,0,0,0,0,0,0,0,0.1,0.1,0.1,0.2,3,7,22,0.00,0.00,0.00,0.00,0.00,0.02,0.06,0.09,0.02,0.09
Michail Antonio,jm JAM,FW MF,West Ham,27,1990,21,16,1 354,15.0,3,1,4,3,0,0,1,0,02.avr,02.avr,1.0,03.avr,47,29,117,0.20,0.07,0.27,0.20,0.27,0.16,0.07,0.23,0.16,0.23
Scott Arfield,ca CAN,MF FW,Burnley,28,1988,18,15,1 333,14.août,2,1,3,2,0,0,3,0,01.mars,01.mars,0.4,01.juin,16,32,47,0.14,0.07,0.20,0.14,0.20,0.08,0.02,0.11,0.08,0.11
Marko Arnautović,at AUT,FW MF,West Ham,28,1989,31,28,2 313,25.juil,11,6,17,11,0,0,5,1,08.juin,08.juin,04.mars,13.0,76,52,232,0.43,0.23,0.66,0.43,0.66,0.34,0.17,0.50,0.34,0.50
Harry Arter,ie IRL,MF,Bournemouth,27,1989,13,11,960,10.juil,1,0,1,1,0,0,4,0,0.3,0.3,0.2,0.5,14,68,8,0.09,0.00,0.09,0.09,0.09,0.03,0.02,0.05,0.03,0.05
Christian Atsu,gh GHA,FW MF,Newcastle Utd,25,1992,28,19,1 784,19.août,2,2,4,2,0,0,1,0,4.0,4.0,02.juin,06.juil,70,47,125,0.10,0.10,0.20,0.10,0.20,0.20,0.13,0.34,0.20,0.34
Pierre-Emerick Aubameyang,ga GAB,FW,Arsenal,28,1989,13,12,1 057,11.juil,10,4,14,9,1,2,0,0,08.avr,06.août,01.janv,8.0,31,9,85,0.85,0.34,janv.19,0.77,01.nov,0.71,0.10,0.81,0.58,0.68
Serge Aurier,ci CIV,DF,Tottenham,24,1992,17,16,1 429,15.sept,2,2,4,2,0,0,3,1,0.8,0.8,02.juin,03.avr,32,67,152,0.13,0.13,0.25,0.13,0.25,0.05,0.16,0.21,0.05,0.21
Player,Nation,Pos,Squad,Age,Born,MP,Starts,Min,90s,Gls,Ast,G+A,G-PK,PK,PKatt,CrdY,CrdR,xG,npxG,xAG,npxG+xAG,PrgC,PrgP,PrgR,Gls,Ast,G+A,G-PK,G+A-PK,xG,xAG,xG+xAG,npxG,npxG+xAG
Charlie Austin,eng ENG,FW,Southampton,28,1989,24,10,1 037,11.mai,7,0,7,6,1,1,2,0,07.janv,06.mars,0.8,07.janv,5,18,67,0.61,0.00,0.61,0.52,0.52,0.62,0.07,0.68,0.55,0.61
André Ayew,gh GHA,MF FW,West Ham,27,1989,18,9,895,09.sept,3,2,5,3,0,1,2,0,03.mars,02.mai,0.3,02.sept,18,18,43,0.30,0.20,0.50,0.30,0.50,0.33,0.03,0.37,0.25,0.29
André Ayew,gh GHA,MF FW,Swansea City,27,1989,12,10,950,10.juin,0,2,2,0,0,0,3,0,01.sept,01.sept,01.mars,03.févr,16,24,53,0.00,0.19,0.19,0.00,0.19,0.18,0.13,0.30,0.18,0.30
Jordan Ayew,gh GHA,FW MF,Swansea City,25,1991,36,33,2 852,31.juil,7,2,9,6,1,1,2,1,07.mars,06.mai,2.0,08.mai,76,50,232,0.22,0.06,0.28,0.19,0.25,0.23,0.06,0.29,0.20,0.27
César Azpilicueta,es ESP,DF,Chelsea,27,1989,37,37,3 33,37.0,2,6,8,2,0,0,1,0,01.mars,01.mars,04.août,06.janv,61,240,81,0.05,0.16,0.22,0.05,0.22,0.03,0.13,0.16,0.03,0.16
Eric Bailly,ci CIV,DF,Manchester Utd,23,1994,13,11,1 001,11.janv,1,0,1,1,0,0,2,0,01.janv,01.janv,0.2,01.mars,3,26,0,0.09,0.00,0.09,0.09,0.09,0.10,0.01,0.11,0.10,0.11
Leighton Baines,eng ENG,DF,Everton,32,1984,22,22,1 909,21.févr,2,3,5,0,2,2,1,0,02.janv,0.5,01.sept,02.mai,31,84,61,0.09,0.14,0.24,0.00,0.14,0.10,0.09,0.19,0.02,0.12
Tiemoué Bakayoko,fr FRA,MF,Chelsea,22,1994,29,24,2 126,23.juin,2,2,4,2,0,0,5,1,03.févr,03.févr,01.févr,04.avr,39,123,57,0.08,0.08,0.17,0.08,0.17,0.13,0.05,0.18,0.13,0.18
Sam Baldock,eng ENG,FW,Brighton,28,1989,2,0,32,0.4,0,0,0,0,0,0,0,0,0.0,0.0,0.0,0.0,0,0,5,0.00,0.00,0.00,0.00,0.00,0.00,0.00,0.00,0.00,0.00
Beni Baningime,cd COD,MF,Everton,18,1998,8,1,198,02.févr,0,0,0,0,0,0,1,0,0.0,0.0,0.0,0.0,1,11,3,0.00,0.00,0.00,0.00,0.00,0.00,0.00,0.00,0.00,0.00
Phil Bardsley,sct SCO,DF,Burnley,32,1985,13,13,1 125,12.mai,0,0,0,0,0,0,5,0,0.0,0.0,0.3,0.3,7,53,7,0.00,0.00,0.00,0.00,0.00,0.00,0.02,0.03,0.00,0.03
Ross Barkley,eng ENG,MF,Chelsea,23,1993,2,2,129,01.avr,0,0,0,0,0,0,0,0,0.8,0.8,0.1,0.9,7,4,13,0.00,0.00,0.00,0.00,0.00,0.53,0.07,0.60,0.53,0.60
Ashley Barnes,eng ENG,FW,Burnley,27,1989,36,21,2 165,24.janv,9,0,9,9,0,0,10,0,06.juil,06.juil,01.juin,08.mars,17,34,127,0.37,0.00,0.37,0.37,0.37,0.28,0.07,0.34,0.28,0.34
Harvey Barnes,eng ENG,MF FW,Leicester City,19,1997,3,0,10,0.1,0,0,0,0,0,0,0,0,0.1,0.1,0.0,0.1,0,2,2,0.00,0.00,0.00,0.00,0.00,0.64,0.00,0.64,0.64,0.64
Gareth Barry,eng ENG,MF,West Brom,36,1981,25,22,1 923,21.avr,1,1,2,1,0,0,4,0,01.juin,01.juin,01.avr,3.0,20,126,23,0.05,0.05,0.09,0.05,0.09,0.07,0.07,0.14,0.07,0.14
Kyle Bartley,eng ENG,DF,Swansea City,26,1991,5,2,235,02.juin,0,0,0,0,0,0,2,0,0.1,0.1,0.3,0.4,2,7,0,0.00,0.00,0.00,0.00,0.00,0.05,0.10,0.16,0.05,0.16
Michy Batshuayi,be BEL,FW,Chelsea,23,1993,12,3,360,4.0,2,1,3,2,0,0,0,0,01.janv,01.janv,0.1,01.févr,9,8,32,0.50,0.25,0.75,0.50,0.75,0.28,0.02,0.30,0.28,0.30
Moritz Bauer,at AUT,DF MF,Stoke City,25,1992,15,15,1 306,14.mai,0,0,0,0,0,0,4,0,0.2,0.2,0.9,01.janv,25,19,45,0.00,0.00,0.00,0.00,0.00,0.01,0.06,0.08,0.01,0.08
Jan Bednarek,pl POL,DF,Southampton,21,1996,5,5,426,04.juil,1,0,1,1,0,0,1,0,0.2,0.2,0.0,0.2,0,14,0,0.21,0.00,0.21,0.21,0.21,0.03,0.00,0.03,0.03,0.03
Asmir Begović,ba BIH,GK,Bournemouth,30,1987,38,38,3 42,38.0,0,0,0,0,0,0,2,0,0.0,0.0,0.0,0.0,0,0,0,0.00,0.00,0.00,0.00,0.00,0.00,0.00,0.00,0.00,0.00
Héctor Bellerín,es ESP,DF,Arsenal,22,1995,35,34,3 051,33.9,2,3,5,2,0,0,5,0,02.févr,02.févr,03.sept,06.févr,84,134,333,0.06,0.09,0.15,0.06,0.15,0.07,0.12,0.18,0.07,0.18
Yohan Benalouane,tn TUN,DF,Leicester City,30,1987,1,1,90,1.0,0,0,0,0,0,0,0,0,0.1,0.1,0.0,0.1,1,1,4,0.00,0.00,0.00,0.00,0.00,0.06,0.00,0.06,0.06,0.06
Christian Benteke,be BEL,FW,Crystal Palace,26,1990,31,24,2 24,24.sept,3,5,8,2,1,2,6,0,10.févr,08.juin,02.sept,11.mai,18,42,133,0.12,0.20,0.32,0.08,0.28,0.41,0.12,0.53,0.34,0.46
Saido Berahino,bi BDI,FW,Stoke City,23,1993,15,3,494,05.mai,0,1,1,0,0,1,0,0,2.0,01.févr,0.6,01.août,6,9,30,0.00,0.18,0.18,0.00,0.18,0.37,0.11,0.47,0.22,0.33
Jóhann Berg Guðmundsson,is ISL,MF,Burnley,26,1990,35,32,2 833,31.mai,2,8,10,2,0,0,2,0,03.mai,03.mai,04.juil,08.févr,83,75,192,0.06,0.25,0.32,0.06,0.32,0.11,0.15,0.26,0.11,0.26
Player,Nation,Pos,Squad,Age,Born,MP,Starts,Min,90s,Gls,Ast,G+A,G-PK,PK,PKatt,CrdY,CrdR,xG,npxG,xAG,npxG+xAG,PrgC,PrgP,PrgR,Gls,Ast,G+A,G-PK,G+A-PK,xG,xAG,xG+xAG,npxG,npxG+xAG
Ryan Bertrand,eng ENG,DF,Southampton,27,1989,35,35,3 135,34.8,0,4,4,0,0,0,2,0,01.juil,01.juil,03.janv,04.août,89,174,213,0.00,0.11,0.11,0.00,0.11,0.05,0.09,0.14,0.05,0.14
Muhamed Bešić,ba BIH,MF,Everton,24,1992,2,0,46,0.5,0,0,0,0,0,0,0,0,0.0,0.0,0.0,0.0,0,2,0,0.00,0.00,0.00,0.00,0.00,0.00,0.09,0.09,0.00,0.09
Philip Billing,dk DEN,MF,Huddersfield,21,1996,16,8,764,08.mai,0,0,0,0,0,0,3,0,0.2,0.2,0.5,0.7,12,26,13,0.00,0.00,0.00,0.00,0.00,0.02,0.05,0.08,0.02,0.08
Mame Biram Diouf,sn SEN,FW DF,Stoke City,29,1987,35,30,2 596,28.août,6,2,8,6,0,0,6,0,06.mai,06.mai,01.sept,08.avr,38,43,172,0.21,0.07,0.28,0.21,0.28,0.22,0.07,0.29,0.22,0.29
Daley Blind,nl NED,DF MF,Manchester Utd,27,1990,7,4,362,4.0,0,0,0,0,0,0,0,0,0.1,0.1,0.2,0.3,9,23,22,0.00,0.00,0.00,0.00,0.00,0.02,0.05,0.07,0.02,0.07
Jeremie Boga,ci CIV,MF,Chelsea,20,1997,1,1,17,0.2,0,0,0,0,0,0,0,0,0.0,0.0,0.0,0.0,0,0,1,0.00,0.00,0.00,0.00,0.00,0.00,0.00,0.00,0.00,0.00
Yannick Bolasie,cd COD,FW,Everton,28,1989,16,11,851,09.mai,1,0,1,1,0,0,0,0,01.mai,01.mai,0.7,02.mars,39,20,52,0.11,0.00,0.11,0.11,0.11,0.16,0.08,0.24,0.16,0.24
Gaëtan Bong,cm CMR,DF,Brighton,29,1988,25,25,2 236,24.août,0,0,0,0,0,0,2,0,0.1,0.1,0.5,0.6,50,85,32,0.00,0.00,0.00,0.00,0.00,0.00,0.02,0.02,0.00,0.02
Wilfried Bony,ci CIV,FW,Swansea City,28,1988,15,8,707,07.sept,2,0,2,2,0,0,2,0,01.juin,01.juin,0.2,01.août,7,11,41,0.25,0.00,0.25,0.25,0.25,0.20,0.03,0.23,0.20,0.23
Sofiane Boufal,ma MAR,FW MF,Southampton,23,1993,26,11,1 219,13.mai,2,2,4,2,0,0,1,0,01.juil,01.juil,01.août,03.avr,78,76,114,0.15,0.15,0.30,0.15,0.30,0.12,0.13,0.25,0.12,0.25
Robbie Brady,ie IRL,MF,Burnley,25,1992,15,15,1 277,14.févr,1,2,3,1,0,0,3,0,01.févr,01.févr,02.janv,03.mars,32,54,67,0.07,0.14,0.21,0.07,0.21,0.08,0.15,0.23,0.08,0.23
Claudio Bravo,cl CHI,GK,Manchester City,34,1983,3,2,226,02.mai,0,0,0,0,0,0,0,0,0.0,0.0,0.0,0.0,0,0,0,0.00,0.00,0.00,0.00,0.00,0.00,0.00,0.00,0.00,0.00
Miguel Britos,uy URU,DF,Watford,32,1985,12,10,797,08.sept,1,0,1,1,0,0,3,1,0.8,0.8,0.4,01.févr,5,43,4,0.11,0.00,0.11,0.11,0.11,0.09,0.05,0.14,0.09,0.14
Leon Britton,eng ENG,MF,Swansea City,34,1982,5,4,302,03.avr,0,0,0,0,0,0,1,0,0.0,0.0,0.0,0.0,1,11,0,0.00,0.00,0.00,0.00,0.00,0.00,0.00,0.00,0.00,0.00
Izzy Brown,eng ENG,MF FW,Brighton,20,1997,13,4,311,03.mai,0,0,0,0,0,0,0,0,0.1,0.1,0.8,0.9,9,9,22,0.00,0.00,0.00,0.00,0.00,0.02,0.24,0.26,0.02,0.26
Bruno,es ESP,DF,Brighton,36,1980,25,23,2 016,22.avr,0,0,0,0,0,0,3,0,0.1,0.1,0.6,0.7,20,78,55,0.00,0.00,0.00,0.00,0.00,0.00,0.03,0.03,0.00,0.03
Chris Brunt,nir NIR,MF DF,West Brom,32,1984,26,22,1 92,21.mars,0,7,7,0,0,0,5,0,01.août,01.août,04.mars,06.janv,24,100,37,0.00,0.33,0.33,0.00,0.33,0.09,0.20,0.29,0.09,0.29
Oliver Burke,sct SCO,FW MF,West Brom,20,1997,15,2,367,04.janv,0,2,2,0,0,0,0,0,0.5,0.5,0.5,1.0,12,6,37,0.00,0.49,0.49,0.00,0.49,0.12,0.13,0.25,0.12,0.25
Jack Butland,eng ENG,GK,Stoke City,24,1993,35,35,3 15,35.0,0,0,0,0,0,0,0,0,0.0,0.0,0.0,0.0,0,0,0,0.00,0.00,0.00,0.00,0.00,0.00,0.00,0.00,0.00,0.00
Sam Byram,eng ENG,DF MF,West Ham,23,1993,5,2,248,02.août,0,0,0,0,0,0,1,0,0.3,0.3,0.1,0.4,5,14,10,0.00,0.00,0.00,0.00,0.00,0.11,0.04,0.15,0.11,0.15
Willy Caballero,ar ARG,GK,Chelsea,35,1981,3,3,270,3.0,0,0,0,0,0,0,0,0,0.0,0.0,0.0,0.0,0,0,0,0.00,0.00,0.00,0.00,0.00,0.00,0.00,0.00,0.00,0.00
Yohan Cabaye,fr FRA,MF,Crystal Palace,31,1986,31,28,2 376,26.avr,0,1,1,0,0,0,7,0,02.mars,02.mars,04.janv,06.avr,13,138,37,0.00,0.04,0.04,0.00,0.04,0.09,0.15,0.24,0.09,0.24
Gary Cahill,eng ENG,DF,Chelsea,31,1985,27,24,2 086,23.févr,0,0,0,0,0,0,1,1,0.5,0.5,0.1,0.6,17,69,8,0.00,0.00,0.00,0.00,0.00,0.02,0.00,0.02,0.02,0.02
Dominic Calvert-Lewin,eng ENG,FW,Everton,20,1997,32,18,1 882,20.sept,4,6,10,4,0,0,4,0,04.sept,04.août,02.juin,07.avr,42,27,125,0.19,0.29,0.48,0.19,0.48,0.23,0.12,0.36,0.23,0.36
Geoff Cameron,us USA,DF MF,Stoke City,32,1985,20,17,1 525,16.sept,0,0,0,0,0,0,2,0,0.3,0.3,0.1,0.5,9,48,15,0.00,0.00,0.00,0.00,0.00,0.02,0.01,0.03,0.02,0.03
Player,Nation,Pos,Squad,Age,Born,MP,Starts,Min,90s,Gls,Ast,G+A,G-PK,PK,PKatt,CrdY,CrdR,xG,npxG,xAG,npxG+xAG,PrgC,PrgP,PrgR,Gls,Ast,G+A,G-PK,G+A-PK,xG,xAG,xG+xAG,npxG,npxG+xAG
Tyrese Campbell,eng ENG,FW,Stoke City,17,1999,4,0,79,0.9,0,0,0,0,0,0,0,0,0.2,0.2,0.0,0.2,1,4,4,0.00,0.00,0.00,0.00,0.00,0.24,0.00,0.24,0.24,0.24
Emre Can,de GER,MF,Liverpool,23,1994,26,24,2 091,23.févr,3,4,7,3,0,0,8,0,01.août,01.août,3.0,04.août,84,137,48,0.13,0.17,0.30,0.13,0.30,0.08,0.13,0.21,0.08,0.21
Étienne Capoue,fr FRA,MF,Watford,29,1988,23,18,1 542,17.janv,1,0,1,1,0,0,3,0,0.8,0.8,0.6,01.avr,8,74,22,0.06,0.00,0.06,0.06,0.06,0.05,0.03,0.08,0.05,0.08
Michael Carrick,eng ENG,MF,Manchester Utd,36,1981,2,1,109,01.févr,0,0,0,0,0,0,0,0,0.5,0.5,0.1,0.6,0,15,1,0.00,0.00,0.00,0.00,0.00,0.43,0.05,0.48,0.43,0.48
André Carrillo,pe PER,FW MF,Watford,26,1991,28,16,1 54,17.janv,1,2,3,1,0,0,2,0,02.mars,02.mars,02.août,05.janv,71,72,97,0.06,0.12,0.18,0.06,0.18,0.14,0.16,0.30,0.14,0.30
Guido Carrillo,ar ARG,FW,Southampton,26,1991,7,5,450,5.0,0,1,1,0,0,0,0,0,0.7,0.7,0.4,1.0,3,8,32,0.00,0.20,0.20,0.00,0.20,0.13,0.08,0.21,0.13,0.21
Andy Carroll,eng ENG,FW,West Ham,28,1989,16,7,750,08.mars,3,0,3,3,0,0,7,1,01.août,01.août,0.5,02.avr,6,11,42,0.36,0.00,0.36,0.36,0.36,0.22,0.06,0.28,0.22,0.28
Tom Carroll,eng ENG,MF,Swansea City,25,1992,37,28,2 57,28.juin,0,4,4,0,0,0,3,0,0.9,0.9,04.janv,5.0,54,179,57,0.00,0.14,0.14,0.00,0.14,0.03,0.14,0.18,0.03,0.18
Craig Cathcart,nir NIR,DF,Watford,28,1989,7,5,523,05.août,0,0,0,0,0,0,1,0,0.1,0.1,0.0,0.1,2,11,0,0.00,0.00,0.00,0.00,0.00,0.02,0.00,0.02,0.02,0.02
Petr Čech,cz CZE,GK,Arsenal,35,1982,34,34,3 039,33.8,0,0,0,0,0,0,1,0,0.0,0.0,0.0,0.0,0,1,0,0.00,0.00,0.00,0.00,0.00,0.00,0.00,0.00,0.00,0.00
Nacer Chadli,be BEL,FW MF,West Brom,27,1989,5,2,260,02.sept,1,0,1,1,0,0,1,0,0.2,0.2,0.1,0.3,4,7,8,0.35,0.00,0.35,0.35,0.35,0.08,0.04,0.11,0.08,0.11
Nathaniel Chalobah,eng ENG,MF,Watford,22,1994,6,5,447,5.0,0,0,0,0,0,0,1,0,0.8,0.8,0.0,0.9,7,22,14,0.00,0.00,0.00,0.00,0.00,0.17,0.01,0.18,0.17,0.18
Calum Chambers,eng ENG,DF,Arsenal,22,1995,12,10,866,09.juin,0,0,0,0,0,0,1,0,01.avr,01.avr,0.1,01.mai,11,43,20,0.00,0.00,0.00,0.00,0.00,0.15,0.01,0.16,0.15,0.16
Ben Chilwell,eng ENG,DF,Leicester City,20,1996,24,20,1 853,20.juin,0,2,2,0,0,0,3,1,0.2,0.2,02.avr,02.juin,85,78,121,0.00,0.10,0.10,0.00,0.10,0.01,0.12,0.13,0.01,0.13
Hamza Choudhury,bd BAN,MF DF,Leicester City,19,1997,8,4,378,04.févr,0,1,1,0,0,0,1,0,0.0,0.0,0.4,0.4,2,16,1,0.00,0.24,0.24,0.00,0.24,0.01,0.09,0.10,0.01,0.10
Andreas Christensen,dk DEN,DF,Chelsea,21,1996,27,23,2 086,23.févr,0,0,0,0,0,0,0,0,0.9,0.9,0.1,1.0,22,76,2,0.00,0.00,0.00,0.00,0.00,0.04,0.00,0.04,0.04,0.04
Lee Chung-yong,kr KOR,FW MF,Crystal Palace,29,1988,7,1,135,01.mai,0,0,0,0,0,0,0,0,0.0,0.0,0.1,0.1,4,2,16,0.00,0.00,0.00,0.00,0.00,0.02,0.05,0.07,0.02,0.07
Ciaran Clark,ie IRL,DF,Newcastle Utd,27,1989,20,19,1 746,19.avr,2,1,3,2,0,0,3,0,01.juil,01.juil,0.7,02.mai,12,29,3,0.10,0.05,0.15,0.10,0.15,0.09,0.04,0.13,0.09,0.13
Tom Cleverley,eng ENG,MF,Watford,27,1989,23,22,1 901,21.janv,1,2,3,1,0,1,3,1,01.sept,01.janv,01.juin,02.juil,31,136,66,0.05,0.09,0.14,0.05,0.14,0.09,0.08,0.17,0.05,0.13
Sam Clucas,eng ENG,MF,Swansea City,26,1990,29,23,2 044,22.juil,3,1,4,3,0,0,2,0,02.juin,02.juin,01.mars,03.août,24,61,68,0.13,0.04,0.18,0.13,0.18,0.11,0.06,0.17,0.11,0.17
Nathaniel Clyne,eng ENG,DF FW,Liverpool,26,1991,3,2,174,01.sept,0,0,0,0,0,0,1,0,0.1,0.1,0.1,0.2,5,5,29,0.00,0.00,0.00,0.00,0.00,0.07,0.04,0.10,0.07,0.10
Séamus Coleman,ie IRL,DF,Everton,28,1988,12,12,1 035,11.mai,0,1,1,0,0,0,0,0,1.0,1.0,0.7,01.juil,34,44,44,0.00,0.09,0.09,0.00,0.09,0.09,0.06,0.15,0.09,0.15
James Collins,wls WAL,DF,West Ham,33,1983,13,12,1 05,11.juil,1,0,1,1,0,0,3,0,0.3,0.3,0.2,0.5,5,24,1,0.09,0.00,0.09,0.09,0.09,0.03,0.02,0.05,0.03,0.05
Lewis Cook,eng ENG,MF,Bournemouth,20,1997,29,25,2 237,24.sept,0,2,2,0,0,0,5,0,0.5,0.5,01.juin,2.0,52,173,30,0.00,0.08,0.08,0.00,0.08,0.02,0.06,0.08,0.02,0.08
Steve Cook,eng ENG,DF,Bournemouth,26,1991,34,31,2 767,30.juil,2,1,3,2,0,0,5,0,01.juin,01.juin,1.0,02.juin,15,83,9,0.07,0.03,0.10,0.07,0.10,0.05,0.03,0.08,0.05,0.08
Player,Nation,Pos,Squad,Age,Born,MP,Starts,Min,90s,Gls,Ast,G+A,G-PK,PK,PKatt,CrdY,CrdR,xG,npxG,xAG,npxG+xAG,PrgC,PrgP,PrgR,Gls,Ast,G+A,G-PK,G+A-PK,xG,xAG,xG+xAG,npxG,npxG+xAG
Francis Coquelin,fr FRA,MF DF,Arsenal,26,1991,7,1,169,01.sept,0,0,0,0,0,0,0,0,0.1,0.1,0.6,0.7,1,11,1,0.00,0.00,0.00,0.00,0.00,0.03,0.35,0.38,0.03,0.38
Jack Cork,eng ENG,MF,Burnley,28,1989,38,38,3 42,38.0,2,1,3,2,0,0,7,0,02.févr,02.févr,01.janv,03.mars,39,165,41,0.05,0.03,0.08,0.05,0.08,0.06,0.03,0.09,0.06,0.09
Thibaut Courtois,be BEL,GK,Chelsea,25,1992,35,35,3 15,35.0,0,0,0,0,0,0,2,0,0.0,0.0,0.0,0.0,0,0,0,0.00,0.00,0.00,0.00,0.00,0.00,0.00,0.00,0.00,0.00
Philippe Coutinho,br BRA,MF FW,Liverpool,25,1992,14,13,1 109,12.mars,7,6,13,7,0,0,0,0,03.mai,03.mai,04.juil,08.févr,69,145,94,0.57,0.49,01.juin,0.57,01.juin,0.28,0.38,0.67,0.28,0.67
Martin Cranie,eng ENG,DF,Huddersfield,30,1986,3,2,180,2.0,0,0,0,0,0,0,0,0,0.0,0.0,0.0,0.0,0,1,0,0.00,0.00,0.00,0.00,0.00,0.00,0.00,0.00,0.00,0.00
Aaron Cresswell,eng ENG,DF,West Ham,27,1989,36,35,3 069,34.1,1,3,4,1,0,0,7,0,0.8,0.8,03.févr,03.sept,35,128,62,0.03,0.09,0.12,0.03,0.12,0.02,0.09,0.12,0.02,0.12
Peter Crouch,eng ENG,FW,Stoke City,36,1981,31,14,1 567,17.avr,5,2,7,5,0,0,4,0,04.févr,04.févr,02.août,7.0,9,41,85,0.29,0.11,0.40,0.29,0.40,0.24,0.16,0.40,0.24,0.40
Josh Cullen,ie IRL,MF,West Ham,21,1996,2,0,8,0.1,0,0,0,0,0,0,0,0,0.0,0.0,0.0,0.0,0,0,0,0.00,0.00,0.00,0.00,0.00,0.00,0.00,0.00,0.00,0.00
Charlie Daniels,eng ENG,DF MF,Bournemouth,30,1986,35,34,3 002,33.4,1,3,4,1,0,0,0,0,0.6,0.6,02.févr,02.août,104,155,165,0.03,0.09,0.12,0.03,0.12,0.02,0.06,0.08,0.02,0.08
Danilo,br BRA,DF,Manchester City,26,1991,23,13,1 349,15.0,3,2,5,3,0,0,2,0,01.janv,01.janv,0.2,01.mars,40,89,74,0.20,0.13,0.33,0.20,0.33,0.07,0.01,0.09,0.07,0.09
Scott Dann,eng ENG,DF,Crystal Palace,30,1987,17,16,1 435,15.sept,1,0,1,1,0,0,4,0,02.mars,02.mars,0.2,02.mai,7,42,3,0.06,0.00,0.06,0.06,0.06,0.14,0.01,0.16,0.14,0.16
Karl Darlow,wls WAL,GK,Newcastle Utd,26,1990,10,10,900,10.0,0,0,0,0,0,0,0,0,0.0,0.0,0.0,0.0,0,0,0,0.00,0.00,0.00,0.00,0.00,0.00,0.00,0.00,0.00,0.00
Matteo Darmian,it ITA,DF,Manchester Utd,27,1989,8,5,444,04.sept,0,0,0,0,0,0,0,0,0.0,0.0,0.0,0.1,7,16,10,0.00,0.00,0.00,0.00,0.00,0.01,0.01,0.01,0.01,0.01
Ben Davies,wls WAL,DF,Tottenham,24,1993,29,26,2 324,25.août,2,6,8,2,0,0,3,0,01.janv,01.janv,03.févr,04.mars,73,165,178,0.08,0.23,0.31,0.08,0.31,0.04,0.12,0.16,0.04,0.16
Tom Davies,eng ENG,MF,Everton,19,1998,33,20,1 9,21.janv,2,1,3,2,0,0,7,0,01.mai,01.mai,0.6,02.janv,36,62,70,0.09,0.05,0.14,0.09,0.14,0.07,0.03,0.10,0.07,0.10
Steven Davis,nir NIR,MF,Southampton,32,1985,23,17,1 521,16.sept,3,0,3,3,0,0,0,0,0.9,0.9,01.janv,2.0,23,129,56,0.18,0.00,0.18,0.18,0.18,0.05,0.07,0.12,0.05,0.12
Craig Dawson,eng ENG,DF,West Brom,27,1990,28,28,2 51,27.sept,2,0,2,2,0,0,6,0,02.mars,02.mars,01.févr,03.mai,18,83,20,0.07,0.00,0.07,0.07,0.07,0.08,0.04,0.13,0.08,0.13
Kevin De Bruyne,be BEL,MF,Manchester City,26,1991,37,36,3 073,34.1,8,16,24,8,0,0,2,0,05.janv,05.janv,11.janv,16.févr,183,388,259,0.23,0.47,0.70,0.23,0.70,0.15,0.32,0.48,0.15,0.48
Troy Deeney,eng ENG,FW,Watford,29,1988,29,20,1 844,20.mai,5,2,7,2,3,5,1,1,06.sept,02.août,02.août,05.juil,3,71,126,0.24,0.10,0.34,0.10,0.20,0.33,0.14,0.47,0.14,0.28
Jermain Defoe,eng ENG,FW,Bournemouth,34,1982,24,11,1 088,12.janv,4,1,5,4,0,0,1,0,03.mai,03.mai,01.janv,04.juin,9,10,59,0.33,0.08,0.41,0.33,0.41,0.29,0.09,0.38,0.29,0.38
Steven Defour,be BEL,MF,Burnley,29,1988,24,24,1 997,22.févr,1,1,2,1,0,0,6,0,0.8,0.8,01.janv,01.sept,38,117,30,0.05,0.05,0.09,0.05,0.09,0.03,0.05,0.09,0.03,0.09
Damien Delaney,ie IRL,DF,Crystal Palace,36,1981,2,1,96,01.janv,0,0,0,0,0,0,0,0,0.0,0.0,0.0,0.0,0,0,0,0.00,0.00,0.00,0.00,0.00,0.00,0.00,0.00,0.00,0.00
Fabian Delph,eng ENG,DF,Manchester City,27,1989,22,21,1 741,19.mars,1,2,3,1,0,0,2,0,0.3,0.3,01.févr,01.mai,53,132,63,0.05,0.10,0.16,0.05,0.16,0.01,0.06,0.08,0.01,0.08
Mousa Dembélé,be BEL,MF,Tottenham,30,1987,28,21,1 879,20.sept,0,0,0,0,0,0,6,0,0.4,0.4,0.7,01.janv,66,211,26,0.00,0.00,0.00,0.00,0.00,0.02,0.03,0.05,0.02,0.05
Laurent Depoitre,be BEL,FW,Huddersfield,28,1988,33,18,1 82,20.févr,6,1,7,6,0,0,1,0,03.juil,03.juil,01.avr,05.janv,11,21,89,0.30,0.05,0.35,0.30,0.35,0.18,0.07,0.25,0.18,0.25
Player,Nation,Pos,Squad,Age,Born,MP,Starts,Min,90s,Gls,Ast,G+A,G-PK,PK,PKatt,CrdY,CrdR,xG,npxG,xAG,npxG+xAG,PrgC,PrgP,PrgR,Gls,Ast,G+A,G-PK,G+A-PK,xG,xAG,xG+xAG,npxG,npxG+xAG
Mike van der Hoorn,nl NED,DF,Swansea City,24,1992,24,24,1 944,21.juin,1,0,1,1,0,0,4,0,1.0,1.0,0.6,01.juin,8,41,5,0.05,0.00,0.05,0.05,0.05,0.05,0.03,0.07,0.05,0.07
Gerard Deulofeu,es ESP,FW MF,Watford,23,1994,7,5,435,04.août,1,0,1,1,0,0,0,0,0.5,0.5,0.6,01.janv,23,13,32,0.21,0.00,0.21,0.21,0.21,0.11,0.13,0.24,0.11,0.24
Fousseni Diabaté,ml MLI,MF FW,Leicester City,21,1995,14,5,587,06.mai,0,1,1,0,0,0,1,0,0.5,0.5,0.3,0.9,26,18,56,0.00,0.15,0.15,0.00,0.15,0.08,0.05,0.13,0.08,0.13
Mohamed Diamé,sn SEN,MF,Newcastle Utd,30,1987,31,23,2 041,22.juil,2,0,2,2,0,0,3,0,01.avr,01.avr,0.7,02.janv,25,81,22,0.09,0.00,0.09,0.09,0.09,0.06,0.03,0.09,0.06,0.09
Brahim Díaz,ma MAR,FW DF,Manchester City,17,1999,5,0,55,0.6,0,0,0,0,0,0,0,0,0.5,0.5,0.0,0.5,3,0,15,0.00,0.00,0.00,0.00,0.00,0.79,0.00,0.79,0.79,0.79
Eric Dier,eng ENG,MF DF,Tottenham,23,1994,34,32,2 824,31.4,0,2,2,0,0,0,4,0,2.0,2.0,01.juil,03.juil,35,213,29,0.00,0.06,0.06,0.00,0.06,0.06,0.05,0.12,0.06,0.12
Abdoulaye Doucouré,ml MLI,MF,Watford,24,1993,37,37,3 324,36.9,7,3,10,7,0,0,10,0,03.mai,03.mai,02.mars,05.sept,73,222,79,0.19,0.08,0.27,0.19,0.27,0.10,0.06,0.16,0.10,0.16
Aleksandar Dragović,at AUT,DF,Leicester City,26,1991,11,7,769,08.mai,0,0,0,0,0,0,2,0,0.1,0.1,0.0,0.1,4,27,1,0.00,0.00,0.00,0.00,0.00,0.01,0.00,0.01,0.01,0.01
Danny Drinkwater,eng ENG,MF,Chelsea,27,1990,12,5,527,05.sept,1,0,1,1,0,0,0,0,0.2,0.2,0.3,0.5,3,32,28,0.17,0.00,0.17,0.17,0.17,0.03,0.05,0.08,0.03,0.08
Martin Dúbravka,sk SVK,GK,Newcastle Utd,28,1989,12,12,1 08,12.0,0,0,0,0,0,0,0,0,0.0,0.0,0.0,0.0,0,0,0,0.00,0.00,0.00,0.00,0.00,0.00,0.00,0.00,0.00,0.00
Shane Duffy,ie IRL,DF,Brighton,25,1992,37,37,3 292,36.6,0,1,1,0,0,0,8,0,02.mars,02.mars,01.janv,03.avr,8,39,10,0.00,0.03,0.03,0.00,0.03,0.06,0.03,0.09,0.06,0.09
Paul Dummett,wls WAL,DF,Newcastle Utd,25,1991,20,19,1 602,17.août,0,0,0,0,0,0,1,0,0.3,0.3,0.3,0.6,8,57,17,0.00,0.00,0.00,0.00,0.00,0.01,0.02,0.03,0.01,0.03
Lewis Dunk,eng ENG,DF,Brighton,25,1991,38,38,3 42,38.0,1,1,2,1,0,0,7,0,02.juil,02.juil,01.févr,03.sept,25,54,5,0.03,0.03,0.05,0.03,0.05,0.07,0.03,0.10,0.07,0.10
Nathan Dyer,eng ENG,MF FW,Swansea City,29,1987,24,16,1 307,14.mai,0,0,0,0,0,0,2,0,0.9,0.9,0.8,01.juil,53,34,119,0.00,0.00,0.00,0.00,0.00,0.06,0.05,0.12,0.06,0.12
Ederson,br BRA,GK,Manchester City,23,1993,36,36,3 194,35.5,0,0,0,0,0,0,1,0,0.0,0.0,0.1,0.1,0,0,0,0.00,0.00,0.00,0.00,0.00,0.00,0.00,0.00,0.00,0.00
Tom Edwards,eng ENG,DF MF,Stoke City,18,1999,6,6,481,05.mars,0,0,0,0,0,0,0,0,0.0,0.0,0.4,0.4,8,11,4,0.00,0.00,0.00,0.00,0.00,0.00,0.07,0.07,0.00,0.07
Rob Elliot,ie IRL,GK,Newcastle Utd,31,1986,16,16,1 44,16.0,0,0,0,0,0,0,0,0,0.0,0.0,0.0,0.0,0,0,0,0.00,0.00,0.00,0.00,0.00,0.00,0.00,0.00,0.00,0.00
Mohamed Elneny,eg EGY,MF,Arsenal,25,1992,13,11,867,09.juin,0,1,1,0,0,0,3,1,0.3,0.3,0.9,01.févr,13,74,21,0.00,0.10,0.10,0.00,0.10,0.03,0.10,0.13,0.03,0.13
Christian Eriksen,dk DEN,MF FW,Tottenham,25,1992,37,37,3 218,35.8,10,10,20,10,0,0,0,0,7.0,7.0,11.juin,18.juin,83,333,237,0.28,0.28,0.56,0.28,0.56,0.20,0.32,0.52,0.20,0.52
Jonny Evans,nir NIR,DF,West Brom,29,1988,28,26,2 27,25.févr,2,2,4,2,0,0,7,0,02.janv,02.janv,0.9,3.0,21,56,9,0.08,0.08,0.16,0.08,0.16,0.08,0.03,0.12,0.08,0.12
Patrice Evra,fr FRA,DF MF,West Ham,36,1981,5,3,228,02.mai,0,0,0,0,0,0,0,0,0.0,0.0,0.0,0.0,4,7,4,0.00,0.00,0.00,0.00,0.00,0.00,0.00,0.00,0.00,0.00
Łukasz Fabiański,pl POL,GK,Swansea City,32,1985,38,38,3 42,38.0,0,0,0,0,0,0,0,0,0.0,0.0,0.0,0.0,0,0,0,0.00,0.00,0.00,0.00,0.00,0.00,0.00,0.00,0.00,0.00
Cesc Fàbregas,es ESP,MF,Chelsea,30,1987,32,25,2 306,25.juin,2,4,6,2,0,0,6,2,02.avr,02.avr,06.août,09.févr,55,348,135,0.08,0.16,0.23,0.08,0.23,0.09,0.26,0.36,0.09,0.36
Marouane Fellaini,be BEL,MF,Manchester Utd,29,1987,16,5,621,06.sept,4,0,4,4,0,0,1,0,03.mai,03.mai,0.2,03.juil,5,19,11,0.58,0.00,0.58,0.58,0.58,0.51,0.03,0.54,0.51,0.54
Kiko Femenía,es ESP,DF FW,Watford,26,1991,23,19,1 713,19.0,1,1,2,1,0,0,2,0,0.4,0.4,01.août,02.janv,54,72,103,0.05,0.05,0.11,0.05,0.11,0.02,0.09,0.11,0.02,0.11
Player,Nation,Pos,Squad,Age,Born,MP,Starts,Min,90s,Gls,Ast,G+A,G-PK,PK,PKatt,CrdY,CrdR,xG,npxG,xAG,npxG+xAG,PrgC,PrgP,PrgR,Gls,Ast,G+A,G-PK,G+A-PK,xG,xAG,xG+xAG,npxG,npxG+xAG
Leroy Fer,nl NED,MF,Swansea City,27,1990,20,15,1 397,15.mai,1,1,2,1,0,0,5,0,01.juin,01.juin,1.0,02.juil,22,66,23,0.06,0.06,0.13,0.06,0.13,0.11,0.07,0.17,0.11,0.17
Edimilson Fernandes,ch SUI,MF DF,West Ham,21,1996,14,9,845,09.avr,0,1,1,0,0,0,1,0,0.3,0.3,0.3,0.6,12,20,28,0.00,0.11,0.11,0.00,0.11,0.03,0.03,0.07,0.03,0.07
Federico Fernández,ar ARG,DF,Swansea City,28,1989,30,30,2 676,29.juil,1,1,2,1,0,0,5,0,0.7,0.7,0.7,01.avr,5,72,8,0.03,0.03,0.07,0.03,0.07,0.02,0.02,0.05,0.02,0.05
Fernandinho,br BRA,MF,Manchester City,32,1985,34,33,2 881,32.0,5,3,8,5,0,0,7,0,02.janv,02.janv,02.août,04.sept,80,320,38,0.16,0.09,0.25,0.16,0.25,0.06,0.09,0.15,0.06,0.15
Sam Field,eng ENG,MF,West Brom,19,1998,10,7,537,6.0,1,0,1,1,0,0,3,0,0.5,0.5,0.2,0.8,4,32,14,0.17,0.00,0.17,0.17,0.17,0.09,0.04,0.13,0.09,0.13
Roberto Firmino,br BRA,FW,Liverpool,25,1991,37,32,2 763,30.juil,15,7,22,14,1,1,1,0,10.juil,09.sept,06.mai,16.avr,91,136,305,0.49,0.23,0.72,0.46,0.68,0.35,0.21,0.56,0.32,0.53
Darren Fletcher,sct SCO,MF,Stoke City,33,1984,27,25,2 219,24.juil,1,1,2,1,0,0,0,0,0.4,0.4,01.juin,01.sept,16,100,20,0.04,0.04,0.08,0.04,0.08,0.01,0.06,0.08,0.01,0.08
Phil Foden,eng ENG,MF FW,Manchester City,17,2000,5,0,49,0.5,0,1,1,0,0,0,0,0,0.0,0.0,0.3,0.3,6,0,3,0.00,janv.84,janv.84,0.00,janv.84,0.00,0.61,0.61,0.00,0.61
José Fonte,pt POR,DF,West Ham,33,1983,8,8,688,07.juin,0,1,1,0,0,0,0,0,0.6,0.6,0.3,0.9,10,34,3,0.00,0.13,0.13,0.00,0.13,0.08,0.04,0.12,0.08,0.12
Fraser Forster,eng ENG,GK,Southampton,29,1988,20,20,1 8,20.0,0,0,0,0,0,0,0,0,0.0,0.0,0.0,0.0,0,0,0,0.00,0.00,0.00,0.00,0.00,0.00,0.00,0.00,0.00,0.00
Ben Foster,eng ENG,GK,West Brom,34,1983,37,37,3 33,37.0,0,0,0,0,0,0,2,0,0.0,0.0,0.1,0.1,0,1,0,0.00,0.00,0.00,0.00,0.00,0.00,0.00,0.00,0.00,0.00
Timothy Fosu-Mensah,nl NED,DF,Crystal Palace,19,1998,21,17,1 596,17.juil,0,0,0,0,0,0,2,0,0.2,0.2,0.3,0.6,25,56,31,0.00,0.00,0.00,0.00,0.00,0.01,0.02,0.03,0.01,0.03
Simon Francis,eng ENG,DF,Bournemouth,32,1985,32,31,2 705,30.janv,0,1,1,0,0,0,10,1,0.6,0.6,01.mai,02.janv,33,119,90,0.00,0.03,0.03,0.00,0.03,0.02,0.05,0.07,0.02,0.07
Ryan Fraser,sct SCO,MF DF,Bournemouth,23,1994,26,23,2 004,22.mars,5,3,8,5,0,0,0,0,01.août,01.août,03.mars,05.janv,74,99,168,0.22,0.13,0.36,0.22,0.36,0.08,0.15,0.23,0.08,0.23
Christian Fuchs,at AUT,DF,Leicester City,31,1986,25,21,1 921,21.mars,0,1,1,0,0,0,1,0,0.5,0.5,01.févr,01.juil,28,85,56,0.00,0.05,0.05,0.00,0.05,0.03,0.05,0.08,0.03,0.08
Jay Fulton,sct SCO,MF,Swansea City,23,1994,2,0,19,0.2,0,0,0,0,0,0,1,0,0.0,0.0,0.0,0.0,0,0,0,0.00,0.00,0.00,0.00,0.00,0.00,0.00,0.00,0.00,0.00
Ramiro Funes Mori,ar ARG,DF,Everton,26,1991,4,1,121,01.mars,0,0,0,0,0,0,1,0,0.0,0.0,0.0,0.0,2,2,1,0.00,0.00,0.00,0.00,0.00,0.03,0.00,0.03,0.03,0.03
Manolo Gabbiadini,it ITA,FW,Southampton,25,1991,28,11,1 081,12.0,5,0,5,4,1,1,2,0,02.mai,01.juil,0.5,02.févr,12,12,58,0.42,0.00,0.42,0.33,0.33,0.21,0.04,0.25,0.14,0.18
Jesús Gámez,es ESP,DF,Newcastle Utd,32,1985,2,1,98,01.janv,0,0,0,0,0,0,0,0,0.1,0.1,0.2,0.2,2,10,3,0.00,0.00,0.00,0.00,0.00,0.05,0.15,0.20,0.05,0.20
Idrissa Gana Gueye,sn SEN,MF,Everton,27,1989,33,32,2 75,30.juin,2,1,3,2,0,0,8,2,01.mai,01.mai,0.8,02.avr,26,128,27,0.07,0.03,0.10,0.07,0.10,0.05,0.03,0.08,0.05,0.08
Dwight Gayle,eng ENG,FW,Newcastle Utd,26,1990,35,23,1 958,21.août,6,3,9,6,0,0,3,0,08.mars,08.mars,2.0,10.avr,23,24,115,0.28,0.14,0.41,0.28,0.41,0.38,0.09,0.48,0.38,0.48
Paulo Gazzaniga,ar ARG,GK,Tottenham,25,1992,1,1,90,1.0,0,0,0,0,0,0,0,0,0.0,0.0,0.0,0.0,0,0,0,0.00,0.00,0.00,0.00,0.00,0.00,0.00,0.00,0.00,0.00
David de Gea,es ESP,GK,Manchester Utd,26,1990,37,37,3 33,37.0,0,0,0,0,0,0,0,0,0.0,0.0,0.0,0.0,0,0,0,0.00,0.00,0.00,0.00,0.00,0.00,0.00,0.00,0.00,0.00
Kieran Gibbs,eng ENG,DF,West Brom,27,1989,33,32,2 827,31.4,0,1,1,0,0,0,3,0,0.4,0.4,01.août,02.févr,59,97,89,0.00,0.03,0.03,0.00,0.03,0.01,0.06,0.07,0.01,0.07
Olivier Giroud,fr FRA,FW,Arsenal,30,1986,16,1,388,04.mars,4,1,5,4,0,0,0,0,03.mars,03.mars,0.9,04.févr,3,5,39,0.93,0.23,janv.16,0.93,janv.16,0.76,0.22,0.98,0.76,0.98
Player,Nation,Pos,Squad,Age,Born,MP,Starts,Min,90s,Gls,Ast,G+A,G-PK,PK,PKatt,CrdY,CrdR,xG,npxG,xAG,npxG+xAG,PrgC,PrgP,PrgR,Gls,Ast,G+A,G-PK,G+A-PK,xG,xAG,xG+xAG,npxG,npxG+xAG
Olivier Giroud,fr FRA,FW,Chelsea,30,1986,13,6,613,06.août,3,1,4,3,0,0,0,0,03.juin,03.juin,2.0,05.juin,7,21,61,0.44,0.15,0.59,0.44,0.59,0.53,0.30,0.83,0.53,0.83
Connor Goldson,eng ENG,DF,Brighton,24,1992,3,2,200,02.févr,0,0,0,0,0,0,1,0,0.2,0.2,0.0,0.2,1,3,0,0.00,0.00,0.00,0.00,0.00,0.10,0.00,0.10,0.10,0.10
Heurelho Gomes,br BRA,GK,Watford,36,1981,24,24,2 128,23.juin,0,0,0,0,0,0,0,0,0.0,0.0,0.0,0.0,0,0,0,0.00,0.00,0.00,0.00,0.00,0.00,0.00,0.00,0.00,0.00
Joe Gomez,eng ENG,DF,Liverpool,20,1997,23,21,1 902,21.janv,0,2,2,0,0,0,3,0,0.3,0.3,01.mai,01.juil,54,154,65,0.00,0.09,0.09,0.00,0.09,0.01,0.07,0.08,0.01,0.08
Dan Gosling,eng ENG,MF,Bournemouth,27,1990,28,21,1 947,21.juin,2,1,3,2,0,0,8,0,02.janv,02.janv,0.9,3.0,18,134,25,0.09,0.05,0.14,0.09,0.14,0.10,0.04,0.14,0.10,0.14
Lee Grant,eng ENG,GK,Stoke City,34,1983,3,3,270,3.0,0,0,0,0,0,0,0,0,0.0,0.0,0.0,0.0,0,0,0,0.00,0.00,0.00,0.00,0.00,0.00,0.00,0.00,0.00,0.00
Andre Gray,jm JAM,FW,Watford,26,1991,31,16,1 498,16.juin,5,2,7,5,0,0,1,0,06.juil,06.juil,02.janv,08.août,18,17,133,0.30,0.12,0.42,0.30,0.42,0.40,0.13,0.53,0.40,0.53
Demarai Gray,jm JAM,MF FW,Leicester City,21,1996,35,17,1 697,18.sept,3,1,4,3,0,0,2,0,02.mai,02.mai,03.avr,05.sept,80,37,126,0.16,0.05,0.21,0.16,0.21,0.13,0.18,0.31,0.13,0.31
Pascal Groß,de GER,FW MF,Brighton,26,1991,38,35,2 928,32.5,7,8,15,6,1,1,2,0,03.mars,02.mai,08.mars,10.août,54,153,241,0.22,0.25,0.46,0.18,0.43,0.10,0.25,0.36,0.08,0.33
Marko Grujić,rs SRB,MF DF,Liverpool,21,1996,3,0,16,0.2,0,0,0,0,0,0,0,0,0.0,0.0,0.0,0.0,0,1,0,0.00,0.00,0.00,0.00,0.00,0.00,0.15,0.15,0.00,0.15
İlkay Gündoğan,de GER,MF,Manchester City,26,1990,30,15,1 517,16.sept,4,1,5,3,1,1,3,0,3.0,02.mars,01.juil,4.0,61,154,83,0.24,0.06,0.30,0.18,0.24,0.18,0.10,0.28,0.13,0.24
Florent Hadergjonaj,xk KVX,DF MF,Huddersfield,23,1994,23,19,1 674,18.juin,0,1,1,0,0,0,3,0,0.3,0.3,01.mai,01.juil,40,62,111,0.00,0.05,0.05,0.00,0.05,0.01,0.08,0.09,0.01,0.09
Massadio Haïdara,ml MLI,FW,Newcastle Utd,24,1992,1,0,4,0.0,0,0,0,0,0,0,0,0,0.0,0.0,0.0,0.0,0,0,0,0.00,0.00,0.00,0.00,0.00,0.00,0.00,0.00,0.00,0.00
Ben Hamer,eng ENG,GK,Leicester City,29,1987,4,3,275,03.janv,0,0,0,0,0,0,0,0,0.0,0.0,0.0,0.0,0,0,0,0.00,0.00,0.00,0.00,0.00,0.00,0.00,0.00,0.00,0.00
Rekeem Harper,eng ENG,MF,West Brom,17,2000,1,0,21,0.2,0,0,0,0,0,0,0,0,0.0,0.0,0.1,0.1,0,1,0,0.00,0.00,0.00,0.00,0.00,0.00,0.22,0.22,0.00,0.22
Joe Hart,eng ENG,GK,West Ham,30,1987,19,19,1 71,19.0,0,1,1,0,0,0,0,0,0.0,0.0,0.7,0.7,0,0,0,0.00,0.05,0.05,0.00,0.05,0.00,0.04,0.04,0.00,0.04
Isaac Hayden,jm JAM,MF,Newcastle Utd,22,1995,26,15,1 374,15.mars,1,0,1,1,0,0,7,0,1.0,1.0,0.6,01.juin,17,45,23,0.07,0.00,0.07,0.07,0.07,0.06,0.04,0.10,0.06,0.10
Eden Hazard,be BEL,FW MF,Chelsea,26,1991,34,28,2 422,26.sept,12,4,16,10,2,2,2,0,07.juil,06.févr,06.avr,12.juin,201,218,302,0.45,0.15,0.59,0.37,0.52,0.29,0.24,0.52,0.23,0.47
Tom Heaton,eng ENG,GK,Burnley,31,1986,4,4,305,03.avr,0,0,0,0,0,0,0,0,0.0,0.0,0.0,0.0,0,0,0,0.00,0.00,0.00,0.00,0.00,0.00,0.00,0.00,0.00,0.00
Michael Hefele,de GER,DF,Huddersfield,26,1990,2,0,33,0.4,0,0,0,0,0,0,1,0,0.0,0.0,0.0,0.0,1,1,0,0.00,0.00,0.00,0.00,0.00,0.00,0.00,0.00,0.00,0.00
Ahmed Hegazi,eg EGY,DF,West Brom,26,1991,38,38,3 386,37.6,2,0,2,2,0,0,4,0,01.juil,01.juil,0.6,02.févr,9,65,8,0.05,0.00,0.05,0.05,0.05,0.04,0.01,0.06,0.04,0.06
Tomer Hemed,il ISR,FW,Brighton,30,1987,16,9,849,09.avr,2,2,4,2,0,0,0,0,01.sept,01.sept,0.1,2.0,6,13,51,0.21,0.21,0.42,0.21,0.42,0.20,0.01,0.21,0.20,0.21
Jordan Henderson,eng ENG,MF,Liverpool,27,1990,27,25,2 171,24.janv,1,1,2,1,0,0,1,0,01.févr,01.févr,01.août,3.0,32,249,37,0.04,0.04,0.08,0.04,0.08,0.05,0.08,0.13,0.05,0.12
Jeff Hendrick,ie IRL,FW MF,Burnley,25,1992,34,29,2 331,25.sept,2,2,4,2,0,0,1,0,2.0,2.0,02.juil,04.juil,37,80,114,0.08,0.08,0.15,0.08,0.15,0.08,0.10,0.18,0.08,0.18
Wayne Hennessey,wls WAL,GK,Crystal Palace,30,1987,27,27,2 43,27.0,0,0,0,0,0,0,1,0,0.0,0.0,0.5,0.5,0,0,0,0.00,0.00,0.00,0.00,0.00,0.00,0.02,0.02,0.00,0.02
Player,Nation,Pos,Squad,Age,Born,MP,Starts,Min,90s,Gls,Ast,G+A,G-PK,PK,PKatt,CrdY,CrdR,xG,npxG,xAG,npxG+xAG,PrgC,PrgP,PrgR,Gls,Ast,G+A,G-PK,G+A-PK,xG,xAG,xG+xAG,npxG,npxG+xAG
Javier Hernández,mx MEX,FW,West Ham,29,1988,28,16,1 548,17.févr,8,0,8,8,0,0,3,0,5.0,5.0,01.mars,06.mars,10,31,103,0.47,0.00,0.47,0.47,0.47,0.29,0.08,0.37,0.29,0.37
Ander Herrera,es ESP,MF,Manchester Utd,27,1989,26,13,1 268,14.janv,0,2,2,0,0,0,5,0,0.4,0.4,01.juin,01.sept,12,81,19,0.00,0.14,0.14,0.00,0.14,0.03,0.11,0.14,0.03,0.14
Son Heung-min,kr KOR,FW,Tottenham,25,1992,37,27,2 301,25.juin,12,6,18,12,0,0,0,0,10.févr,10.févr,06.févr,16.avr,111,92,339,0.47,0.23,0.70,0.47,0.70,0.40,0.24,0.64,0.40,0.64
Wesley Hoedt,nl NED,DF,Southampton,23,1994,28,28,2 52,28.0,0,1,1,0,0,0,7,0,01.mars,01.mars,0.5,01.sept,21,143,3,0.00,0.04,0.04,0.00,0.04,0.05,0.02,0.07,0.05,0.07
Jonathan Hogg,eng ENG,MF,Huddersfield,28,1988,30,29,2 398,26.juin,0,0,0,0,0,0,10,1,0.4,0.4,0.4,0.9,21,138,10,0.00,0.00,0.00,0.00,0.00,0.02,0.02,0.03,0.02,0.03
Rob Holding,eng ENG,DF,Arsenal,21,1995,12,9,822,09.janv,0,0,0,0,0,0,3,0,0.1,0.1,0.0,0.2,6,47,2,0.00,0.00,0.00,0.00,0.00,0.01,0.01,0.02,0.01,0.02
José Holebas,gr GRE,DF,Watford,33,1984,28,26,2 382,26.mai,0,4,4,0,0,0,7,0,0.6,0.6,03.févr,03.août,53,98,84,0.00,0.15,0.15,0.00,0.15,0.02,0.12,0.14,0.02,0.14
Mason Holgate,jm JAM,DF,Everton,20,1996,15,13,1 184,13.févr,0,0,0,0,0,0,3,0,0.6,0.6,0.6,01.févr,8,44,25,0.00,0.00,0.00,0.00,0.00,0.04,0.05,0.09,0.04,0.09
Callum Hudson-Odoi,eng ENG,FW DF,Chelsea,16,2000,2,0,29,0.3,0,0,0,0,0,0,0,0,0.1,0.1,0.0,0.1,5,2,5,0.00,0.00,0.00,0.00,0.00,0.25,0.00,0.25,0.25,0.25
Will Hughes,eng ENG,MF,Watford,22,1995,15,11,990,11.0,2,3,5,2,0,0,0,0,0.6,0.6,01.mai,02.janv,16,60,58,0.18,0.27,0.45,0.18,0.45,0.05,0.13,0.19,0.05,0.19
Jordan Hugill,eng ENG,FW,West Ham,25,1992,3,0,25,0.3,0,0,0,0,0,0,0,0,0.0,0.0,0.0,0.0,0,0,0,0.00,0.00,0.00,0.00,0.00,0.00,0.00,0.00,0.00,0.00
Uwe Hünemeier,de GER,DF,Brighton,31,1986,1,0,18,0.2,0,0,0,0,0,0,0,0,0.0,0.0,0.0,0.0,0,0,1,0.00,0.00,0.00,0.00,0.00,0.00,0.00,0.00,0.00,0.00
Emerson Hyndman,us USA,MF,Bournemouth,21,1996,1,1,58,0.6,0,0,0,0,0,0,0,0,0.0,0.0,0.0,0.0,0,0,0,0.00,0.00,0.00,0.00,0.00,0.00,0.02,0.02,0.00,0.02
Pierre Højbjerg,dk DEN,MF,Southampton,21,1995,23,19,1 67,18.juin,0,0,0,0,0,0,6,0,1.0,1.0,0.6,01.mai,19,90,37,0.00,0.00,0.00,0.00,0.00,0.05,0.03,0.08,0.05,0.08
Jordon Ibe,eng ENG,MF FW,Bournemouth,21,1995,32,22,1 995,22.févr,2,6,8,2,0,0,1,0,3.0,3.0,03.mars,06.mars,78,95,149,0.09,0.27,0.36,0.09,0.36,0.13,0.15,0.28,0.13,0.28
Vicente Iborra,es ESP,MF,Leicester City,29,1988,19,17,1 41,15.juil,3,0,3,3,0,0,0,0,01.juil,01.juil,0.5,02.févr,8,79,15,0.19,0.00,0.19,0.19,0.19,0.11,0.03,0.14,0.11,0.14
Zlatan Ibrahimović,se SWE,MF FW,Manchester Utd,35,1981,5,1,106,01.févr,0,0,0,0,0,0,0,0,0.2,0.2,0.1,0.3,6,9,12,0.00,0.00,0.00,0.00,0.00,0.18,0.08,0.26,0.18,0.26
Kelechi Iheanacho,ng NGA,FW MF,Leicester City,20,1996,21,7,830,09.févr,3,3,6,3,0,0,2,0,04.janv,04.janv,02.mars,06.mars,21,26,54,0.33,0.33,0.65,0.33,0.65,0.44,0.25,0.69,0.44,0.69
Tom Ince,eng ENG,MF FW,Huddersfield,25,1992,33,27,2 452,27.févr,2,0,2,2,0,0,0,0,06.avr,06.avr,01.avr,07.août,57,60,125,0.07,0.00,0.07,0.07,0.07,0.24,0.05,0.29,0.24,0.29
Danny Ings,eng ENG,FW,Liverpool,25,1992,8,3,267,3.0,1,0,1,1,0,0,0,0,01.janv,01.janv,0.1,01.mars,2,9,23,0.34,0.00,0.34,0.34,0.34,0.38,0.05,0.42,0.38,0.42
Stephen Ireland,ie IRL,MF FW,Stoke City,30,1986,4,1,131,01.mai,0,0,0,0,0,0,1,0,0.4,0.4,0.0,0.4,0,7,5,0.00,0.00,0.00,0.00,0.00,0.25,0.02,0.28,0.25,0.28
Alex Iwobi,ng NGA,MF FW,Arsenal,21,1996,26,22,1 83,20.mars,3,5,8,3,0,0,1,0,03.sept,03.sept,03.mai,07.mars,93,138,146,0.15,0.25,0.39,0.15,0.39,0.19,0.17,0.36,0.19,0.36
José Izquierdo,co COL,MF FW,Brighton,25,1992,32,23,1 984,22.0,5,3,8,5,0,0,2,0,03.août,03.août,02.févr,05.sept,67,36,161,0.23,0.14,0.36,0.23,0.36,0.17,0.10,0.27,0.17,0.27
Phil Jagielka,eng ENG,DF,Everton,34,1982,25,23,2 065,22.sept,0,0,0,0,0,0,2,0,0.5,0.5,0.0,0.5,4,53,3,0.00,0.00,0.00,0.00,0.00,0.02,0.00,0.02,0.02,0.02
Eldin Jakupović,ch SUI,GK,Leicester City,32,1984,2,2,180,2.0,0,0,0,0,0,0,0,0,0.0,0.0,0.0,0.0,0,0,0,0.00,0.00,0.00,0.00,0.00,0.00,0.00,0.00,0.00,0.00
Player,Nation,Pos,Squad,Age,Born,MP,Starts,Min,90s,Gls,Ast,G+A,G-PK,PK,PKatt,CrdY,CrdR,xG,npxG,xAG,npxG+xAG,PrgC,PrgP,PrgR,Gls,Ast,G+A,G-PK,G+A-PK,xG,xAG,xG+xAG,npxG,npxG+xAG
Matty James,eng ENG,MF,Leicester City,26,1991,13,11,993,11.0,0,0,0,0,0,0,2,0,01.mars,01.mars,0.1,01.mai,7,28,14,0.00,0.00,0.00,0.00,0.00,0.12,0.01,0.13,0.12,0.13
Daryl Janmaat,nl NED,DF,Watford,28,1989,23,21,1 82,20.févr,3,0,3,3,0,0,3,0,01.août,01.août,1.0,02.août,29,107,55,0.15,0.00,0.15,0.15,0.15,0.09,0.05,0.14,0.09,0.14
Vincent Janssen,nl NED,DF,Tottenham,23,1994,1,0,1,0.0,0,0,0,0,0,0,0,0,0.0,0.0,0.0,0.0,0,0,0,0.00,0.00,0.00,0.00,0.00,0.00,0.00,0.00,0.00,0.00
Jesé,es ESP,FW MF,Stoke City,24,1993,13,8,614,06.août,1,1,2,1,0,0,0,0,0.9,0.9,0.7,01.juin,19,14,51,0.15,0.15,0.29,0.15,0.29,0.13,0.10,0.23,0.13,0.23
Gabriel Jesus,br BRA,FW,Manchester City,20,1997,29,19,1 668,18.mai,13,3,16,13,0,2,6,0,13.août,12.févr,02.janv,14.mars,28,49,181,0.70,0.16,0.86,0.70,0.86,0.74,0.11,0.86,0.66,0.77
Glen Johnson,eng ENG,DF,Stoke City,32,1984,9,7,547,06.janv,0,0,0,0,0,0,3,0,0.1,0.1,0.2,0.3,5,23,9,0.00,0.00,0.00,0.00,0.00,0.01,0.03,0.05,0.01,0.05
Phil Jones,eng ENG,DF,Manchester Utd,25,1992,23,23,1 973,21.sept,0,0,0,0,0,0,2,0,0.4,0.4,0.1,0.5,13,45,0,0.00,0.00,0.00,0.00,0.00,0.02,0.01,0.02,0.02,0.02
Joselu,es ESP,FW,Newcastle Utd,27,1990,30,19,1 712,19.0,4,1,5,4,0,1,2,0,6.0,05.févr,01.févr,06.avr,5,41,107,0.21,0.05,0.26,0.21,0.26,0.31,0.06,0.38,0.27,0.34
Mathias Jørgensen,dk DEN,DF,Huddersfield,27,1990,38,38,3 42,38.0,0,2,2,0,0,0,6,0,01.sept,01.sept,0.9,02.sept,21,120,8,0.00,0.05,0.05,0.00,0.05,0.05,0.02,0.08,0.05,0.08
Christian Kabasele,be BEL,DF,Watford,26,1991,28,27,2 33,25.sept,2,0,2,2,0,0,5,0,0.7,0.7,0.1,0.9,10,74,7,0.08,0.00,0.08,0.08,0.08,0.03,0.01,0.03,0.03,0.03
Younès Kaboul,fr FRA,DF,Watford,31,1986,2,2,150,01.juil,0,0,0,0,0,0,0,0,0.0,0.0,0.0,0.0,2,7,0,0.00,0.00,0.00,0.00,0.00,0.00,0.00,0.00,0.00,0.00
Elias Kachunga,cd COD,FW MF,Huddersfield,25,1992,19,17,1 329,14.août,1,1,2,1,0,0,1,0,01.sept,01.sept,0.6,02.juin,32,24,95,0.07,0.07,0.14,0.07,0.14,0.13,0.04,0.17,0.13,0.17
Sullay Kaikai,sl SLE,MF,Crystal Palace,21,1995,1,0,14,0.2,0,0,0,0,0,0,0,0,0.0,0.0,0.0,0.0,0,1,0,0.00,0.00,0.00,0.00,0.00,0.00,0.00,0.00,0.00,0.00
Harry Kane,eng ENG,FW,Tottenham,24,1993,37,35,3 076,34.2,30,2,32,28,2,3,5,0,24.août,22.avr,02.juil,25.janv,58,94,261,0.88,0.06,0.94,0.82,0.88,0.72,0.08,0.80,0.66,0.73
N'Golo Kanté,fr FRA,MF,Chelsea,26,1991,34,34,2 994,33.3,1,1,2,1,0,0,3,0,0.8,0.8,02.sept,03.juin,88,274,45,0.03,0.03,0.06,0.03,0.06,0.02,0.09,0.11,0.02,0.11
Loris Karius,de GER,GK,Liverpool,24,1993,19,19,1 71,19.0,0,0,0,0,0,0,1,0,0.0,0.0,0.0,0.0,0,0,0,0.00,0.00,0.00,0.00,0.00,0.00,0.00,0.00,0.00,0.00
Orestis Karnezis,gr GRE,GK,Watford,32,1985,15,14,1 292,14.avr,0,0,0,0,0,0,0,0,0.0,0.0,0.0,0.0,0,0,0,0.00,0.00,0.00,0.00,0.00,0.00,0.00,0.00,0.00,0.00
Beram Kayal,il ISR,MF,Brighton,29,1988,19,8,745,08.mars,0,0,0,0,0,0,2,0,0.2,0.2,0.5,0.7,4,27,13,0.00,0.00,0.00,0.00,0.00,0.03,0.06,0.09,0.03,0.09
Michael Keane,eng ENG,DF,Everton,24,1993,30,29,2 56,28.avr,0,1,1,0,0,0,3,0,01.janv,01.janv,0.5,01.juin,11,83,3,0.00,0.04,0.04,0.00,0.04,0.04,0.02,0.06,0.04,0.06
Martin Kelly,eng ENG,DF,Crystal Palace,27,1990,15,12,1 195,13.mars,0,0,0,0,0,0,1,0,0.4,0.4,0.1,0.6,5,16,3,0.00,0.00,0.00,0.00,0.00,0.03,0.01,0.04,0.03,0.04
Kenedy,br BRA,MF DF,Newcastle Utd,21,1996,13,13,1 023,11.avr,2,2,4,2,0,0,1,0,02.avr,02.avr,01.juil,04.févr,30,21,55,0.18,0.18,0.35,0.18,0.35,0.21,0.15,0.37,0.21,0.37
Jonjoe Kenny,eng ENG,DF,Everton,20,1997,19,17,1 59,17.juil,0,1,1,0,0,0,2,0,0.1,0.1,01.mai,01.juin,16,48,51,0.00,0.06,0.06,0.00,0.06,0.01,0.08,0.09,0.01,0.09
Andy King,wls WAL,MF,Leicester City,28,1988,11,5,537,6.0,1,0,1,1,0,0,1,0,0.5,0.5,0.1,0.6,3,13,6,0.17,0.00,0.17,0.17,0.17,0.09,0.02,0.10,0.09,0.10
Andy King,wls WAL,MF,Swansea City,28,1988,11,9,715,07.sept,2,1,3,2,0,0,1,0,1.0,1.0,0.2,01.févr,5,38,5,0.25,0.13,0.38,0.25,0.38,0.12,0.03,0.15,0.12,0.15
Joshua King,no NOR,FW MF,Bournemouth,25,1992,33,27,2 453,27.mars,8,3,11,6,2,2,3,0,06.mai,04.sept,04.sept,09.août,84,83,215,0.29,0.11,0.40,0.22,0.33,0.24,0.18,0.42,0.18,0.36
Player,Nation,Pos,Squad,Age,Born,MP,Starts,Min,90s,Gls,Ast,G+A,G-PK,PK,PKatt,CrdY,CrdR,xG,npxG,xAG,npxG+xAG,PrgC,PrgP,PrgR,Gls,Ast,G+A,G-PK,G+A-PK,xG,xAG,xG+xAG,npxG,npxG+xAG
Davy Klaassen,nl NED,MF FW,Everton,24,1993,7,3,251,02.août,0,0,0,0,0,0,0,0,0.1,0.1,0.1,0.2,1,11,4,0.00,0.00,0.00,0.00,0.00,0.03,0.04,0.07,0.03,0.07
Ragnar Klavan,ee EST,DF,Liverpool,31,1985,19,16,1 451,16.janv,1,0,1,1,0,0,0,0,0.9,0.9,0.2,1.0,15,73,5,0.06,0.00,0.06,0.06,0.06,0.05,0.01,0.06,0.05,0.06
Anthony Knockaert,fr FRA,MF FW,Brighton,25,1991,33,27,2 421,26.sept,3,1,4,3,0,0,4,1,04.janv,04.janv,03.févr,07.mars,92,124,153,0.11,0.04,0.15,0.11,0.15,0.15,0.12,0.27,0.15,0.27
Sead Kolašinac,ba BIH,DF,Arsenal,24,1993,27,25,2 147,23.sept,2,4,6,2,0,0,3,0,02.févr,02.févr,03.mai,05.août,68,105,186,0.08,0.17,0.25,0.08,0.25,0.09,0.15,0.24,0.09,0.24
Vincent Kompany,be BEL,DF,Manchester City,31,1986,17,17,1 394,15.mai,1,1,2,1,0,0,6,0,0.8,0.8,0.5,01.mars,31,85,3,0.06,0.06,0.13,0.06,0.13,0.05,0.03,0.08,0.05,0.08
Terence Kongolo,nl NED,DF,Huddersfield,23,1994,13,11,1 049,11.juil,0,0,0,0,0,0,0,0,0.3,0.3,0.1,0.4,7,36,21,0.00,0.00,0.00,0.00,0.00,0.02,0.01,0.03,0.02,0.03
Laurent Koscielny,fr FRA,DF,Arsenal,31,1985,25,25,2 225,24.juil,2,0,2,2,0,0,4,0,01.sept,01.sept,0.4,02.mars,25,124,10,0.08,0.00,0.08,0.08,0.08,0.08,0.02,0.09,0.08,0.09
Cheikhou Kouyaté,sn SEN,MF,West Ham,27,1989,33,32,2 799,31.janv,2,3,5,2,0,0,5,0,02.juil,02.juil,01.janv,03.août,27,66,64,0.06,0.10,0.16,0.06,0.16,0.09,0.04,0.12,0.09,0.12
Bojan Krkić,es ESP,MF,Stoke City,26,1990,1,1,71,0.8,0,0,0,0,0,0,0,0,0.0,0.0,0.0,0.1,1,2,3,0.00,0.00,0.00,0.00,0.00,0.04,0.04,0.08,0.04,0.08
Grzegorz Krychowiak,pl POL,MF,West Brom,27,1990,27,20,1 641,18.févr,0,2,2,0,0,0,2,0,0.8,0.8,01.août,02.juin,22,101,25,0.00,0.11,0.11,0.00,0.11,0.04,0.10,0.14,0.04,0.14
Rajiv van La Parra,nl NED,FW MF,Huddersfield,26,1991,33,26,2 137,23.juil,3,0,3,2,1,1,3,1,03.janv,02.mars,0.9,03.févr,114,65,136,0.13,0.00,0.13,0.08,0.08,0.13,0.04,0.17,0.10,0.13
Alexandre Lacazette,fr FRA,FW,Arsenal,26,1991,32,26,2 202,24.mai,14,4,18,12,2,2,1,0,13.juil,12.janv,04.avr,16.mai,39,59,233,0.57,0.16,0.74,0.49,0.65,0.56,0.18,0.74,0.49,0.67
Freddie Ladapo,eng ENG,FW,Crystal Palace,24,1993,1,0,17,0.2,0,0,0,0,0,0,0,0,0.0,0.0,0.0,0.0,1,0,1,0.00,0.00,0.00,0.00,0.00,0.00,0.00,0.00,0.00,0.00
Adam Lallana,eng ENG,MF FW,Liverpool,29,1988,12,1,244,02.juil,0,0,0,0,0,0,1,0,01.mai,01.mai,0.4,01.août,12,33,38,0.00,0.00,0.00,0.00,0.00,0.55,0.13,0.68,0.55,0.68
Érik Lamela,ar ARG,FW MF,Tottenham,25,1992,25,7,843,09.avr,2,2,4,2,0,0,4,0,03.avr,03.avr,2.0,05.avr,30,46,116,0.21,0.21,0.43,0.21,0.43,0.37,0.21,0.57,0.37,0.57
Manuel Lanzini,ar ARG,MF FW,West Ham,24,1993,27,23,2 042,22.juil,5,6,11,5,0,1,4,0,03.sept,03.janv,04.janv,07.févr,65,156,96,0.22,0.26,0.48,0.22,0.48,0.17,0.18,0.35,0.14,0.32
Aymeric Laporte,es ESP,DF,Manchester City,23,1994,9,9,806,9.0,0,0,0,0,0,0,1,0,0.1,0.1,0.1,0.2,15,72,5,0.00,0.00,0.00,0.00,0.00,0.01,0.01,0.02,0.01,0.02
Jamaal Lascelles,eng ENG,DF,Newcastle Utd,23,1993,33,32,2 928,32.5,3,0,3,3,0,0,5,0,01.janv,01.janv,0.7,01.août,17,73,10,0.09,0.00,0.09,0.09,0.09,0.03,0.02,0.05,0.03,0.05
Florian Lejeune,fr FRA,DF,Newcastle Utd,26,1991,24,24,2 103,23.avr,0,2,2,0,0,0,3,0,0.6,0.6,01.mai,02.janv,18,67,4,0.00,0.09,0.09,0.00,0.09,0.03,0.06,0.09,0.03,0.09
Mario Lemina,ga GAB,MF,Southampton,23,1993,25,20,1 72,19.janv,1,1,2,1,0,0,2,0,0.8,0.8,0.7,01.mai,51,86,36,0.05,0.05,0.10,0.05,0.10,0.04,0.04,0.08,0.04,0.08
Aaron Lennon,eng ENG,MF,Burnley,30,1987,14,13,1 118,12.avr,0,2,2,0,0,0,2,0,0.6,0.6,0.8,01.avr,26,28,60,0.00,0.16,0.16,0.00,0.16,0.05,0.07,0.11,0.05,0.11
Aaron Lennon,eng ENG,FW MF,Everton,30,1987,15,9,793,08.août,0,0,0,0,0,0,0,0,0.2,0.2,0.2,0.5,17,19,33,0.00,0.00,0.00,0.00,0.00,0.03,0.03,0.05,0.03,0.05
Victor Lindelöf,se SWE,DF,Manchester Utd,23,1994,17,13,1 285,14.mars,0,0,0,0,0,0,1,0,0.0,0.0,0.3,0.3,11,42,6,0.00,0.00,0.00,0.00,0.00,0.00,0.02,0.02,0.00,0.02
Jesse Lingard,eng ENG,MF FW,Manchester Utd,24,1992,33,20,1 817,20.févr,8,5,13,8,0,0,2,0,07.janv,07.janv,02.août,09.sept,78,75,143,0.40,0.25,0.64,0.40,0.64,0.35,0.14,0.49,0.35,0.49
Jake Livermore,eng ENG,MF,West Brom,27,1989,34,30,2 674,29.juil,2,2,4,2,0,0,5,0,02.mars,02.mars,01.sept,04.févr,26,133,55,0.07,0.07,0.13,0.07,0.13,0.08,0.06,0.14,0.08,0.14
Player,Nation,Pos,Squad,Age,Born,MP,Starts,Min,90s,Gls,Ast,G+A,G-PK,PK,PKatt,CrdY,CrdR,xG,npxG,xAG,npxG+xAG,PrgC,PrgP,PrgR,Gls,Ast,G+A,G-PK,G+A-PK,xG,xAG,xG+xAG,npxG,npxG+xAG
Fernando Llorente,es ESP,FW MF,Tottenham,32,1985,16,1,238,02.juin,1,0,1,1,0,0,1,0,1.0,1.0,0.2,01.févr,3,4,32,0.38,0.00,0.38,0.38,0.38,0.38,0.06,0.44,0.38,0.44
Hugo Lloris,fr FRA,GK,Tottenham,30,1986,36,36,3 24,36.0,0,0,0,0,0,0,1,0,0.0,0.0,0.0,0.0,0,0,0,0.00,0.00,0.00,0.00,0.00,0.00,0.00,0.00,0.00,0.00
Jürgen Locadia,cw CUW,FW MF,Brighton,23,1993,6,3,224,02.mai,1,1,2,1,0,0,0,0,01.janv,01.janv,0.1,01.févr,2,4,11,0.40,0.40,0.80,0.40,0.80,0.44,0.04,0.48,0.44,0.48
Ruben Loftus-Cheek,eng ENG,MF,Crystal Palace,21,1996,24,21,1 874,20.août,2,3,5,2,0,0,1,0,03.mai,03.mai,03.févr,06.juil,94,106,126,0.10,0.14,0.24,0.10,0.24,0.17,0.15,0.32,0.17,0.32
Joe Lolley,eng ENG,FW MF,Huddersfield,24,1992,6,2,221,02.mai,1,0,1,1,0,0,1,0,0.1,0.1,0.1,0.2,11,11,17,0.41,0.00,0.41,0.41,0.41,0.05,0.03,0.08,0.05,0.08
Kevin Long,ie IRL,DF,Burnley,26,1990,16,16,1 44,16.0,1,2,3,1,0,0,1,0,01.févr,01.févr,01.mars,02.mai,1,28,1,0.06,0.12,0.19,0.06,0.19,0.07,0.08,0.15,0.07,0.15
Shane Long,ie IRL,FW,Southampton,30,1987,30,15,1 582,17.juin,2,1,3,2,0,0,6,0,03.juil,03.juil,01.mars,5.0,17,21,151,0.11,0.06,0.17,0.11,0.17,0.21,0.07,0.29,0.21,0.29
Ademola Lookman,ng NGA,FW MF,Everton,19,1997,7,1,159,01.août,0,0,0,0,0,0,0,0,0.1,0.1,0.5,0.6,8,6,7,0.00,0.00,0.00,0.00,0.00,0.06,0.26,0.32,0.06,0.32
Jonas Lössl,dk DEN,GK,Huddersfield,28,1989,38,38,3 42,38.0,0,1,1,0,0,0,1,0,0.0,0.0,0.6,0.6,0,2,0,0.00,0.03,0.03,0.00,0.03,0.00,0.02,0.02,0.00,0.02
Dejan Lovren,hr CRO,DF,Liverpool,28,1989,29,24,2 127,23.juin,2,1,3,2,0,0,4,0,01.avr,01.avr,01.mars,02.juin,20,98,7,0.08,0.04,0.13,0.08,0.13,0.06,0.05,0.11,0.06,0.11
Chris Löwe,de GER,DF,Huddersfield,28,1989,23,19,1 588,17.juin,0,0,0,0,0,0,1,0,0.4,0.4,0.4,0.7,34,55,49,0.00,0.00,0.00,0.00,0.00,0.02,0.02,0.04,0.02,0.04
Matthew Lowton,eng ENG,DF,Burnley,28,1989,26,25,2 295,25.mai,0,3,3,0,0,0,1,0,0.1,0.1,01.juin,01.juil,18,82,69,0.00,0.12,0.12,0.00,0.12,0.00,0.06,0.07,0.00,0.07
David Luiz,br BRA,DF MF,Chelsea,30,1987,10,9,840,09.mars,1,0,1,1,0,0,4,1,0.9,0.9,0.0,1.0,19,31,4,0.11,0.00,0.11,0.11,0.11,0.10,0.00,0.10,0.10,0.10
Romelu Lukaku,be BEL,FW,Manchester Utd,24,1993,34,33,2 867,31.9,16,7,23,16,0,1,4,0,13.févr,12.avr,04.juil,17.0,57,63,216,0.50,0.22,0.72,0.50,0.72,0.41,0.15,0.56,0.39,0.54
Dodi Lukebakio,be BEL,MF FW,Watford,19,1997,1,0,16,0.2,0,0,0,0,0,0,0,0,0.0,0.0,0.1,0.1,0,1,3,0.00,0.00,0.00,0.00,0.00,0.15,0.59,0.75,0.15,0.75
Levi Lumeka,eng ENG,FW,Crystal Palace,18,1998,1,0,26,0.3,0,0,0,0,0,0,0,0,0.1,0.1,0.0,0.1,2,0,3,0.00,0.00,0.00,0.00,0.00,0.20,0.00,0.20,0.20,0.20
Harry Maguire,eng ENG,DF,Leicester City,24,1993,38,38,3 42,38.0,2,4,6,2,0,0,7,0,02.août,02.août,04.janv,06.sept,58,178,18,0.05,0.11,0.16,0.05,0.16,0.07,0.11,0.18,0.07,0.18
Riyad Mahrez,dz ALG,MF FW,Leicester City,26,1991,36,34,2 95,32.8,12,10,22,12,0,0,2,0,06.mai,06.mai,07.févr,13.août,121,190,191,0.37,0.31,0.67,0.37,0.67,0.20,0.22,0.42,0.20,0.42
Ainsley Maitland-Niles,eng ENG,DF MF,Arsenal,19,1997,15,8,914,10.févr,0,0,0,0,0,0,1,0,0.2,0.2,0.9,01.janv,21,35,58,0.00,0.00,0.00,0.00,0.00,0.02,0.08,0.11,0.02,0.11
Scott Malone,eng ENG,DF,Huddersfield,26,1991,22,12,1 119,12.avr,0,1,1,0,0,0,3,0,0.5,0.5,0.5,1.0,48,51,69,0.00,0.08,0.08,0.00,0.08,0.04,0.04,0.08,0.04,0.08
Sadio Mané,sn SEN,FW,Liverpool,25,1992,29,28,2 19,24.mars,10,7,17,10,0,0,3,1,10.juin,10.juin,05.avr,16.0,112,120,270,0.41,0.29,0.70,0.41,0.70,0.44,0.22,0.66,0.44,0.66
Eliaquim Mangala,fr FRA,DF,Manchester City,26,1991,9,4,488,05.avr,0,0,0,0,0,0,0,0,0.1,0.1,0.0,0.2,5,15,1,0.00,0.00,0.00,0.00,0.00,0.03,0.01,0.03,0.03,0.03
Eliaquim Mangala,fr FRA,DF,Everton,26,1991,2,2,134,01.mai,0,0,0,0,0,0,0,0,0.1,0.1,0.0,0.1,3,7,0,0.00,0.00,0.00,0.00,0.00,0.05,0.00,0.05,0.05,0.05
Javier Manquillo,es ESP,DF,Newcastle Utd,23,1994,21,20,1 758,19.mai,0,1,1,0,0,0,2,0,0.1,0.1,01.mars,01.avr,29,55,33,0.00,0.05,0.05,0.00,0.05,0.00,0.07,0.07,0.00,0.07
Solly March,eng ENG,MF FW,Brighton,23,1994,36,18,1 851,20.juin,1,1,2,1,0,0,3,0,01.mai,01.mai,01.avr,02.sept,59,60,141,0.05,0.05,0.10,0.05,0.10,0.07,0.07,0.14,0.07,0.14
Player,Nation,Pos,Squad,Age,Born,MP,Starts,Min,90s,Gls,Ast,G+A,G-PK,PK,PKatt,CrdY,CrdR,xG,npxG,xAG,npxG+xAG,PrgC,PrgP,PrgR,Gls,Ast,G+A,G-PK,G+A-PK,xG,xAG,xG+xAG,npxG,npxG+xAG
Adrian Mariappa,jm JAM,DF,Watford,30,1986,28,24,2 21,24.juin,0,0,0,0,0,0,4,0,0.7,0.7,0.2,0.8,8,60,6,0.00,0.00,0.00,0.00,0.00,0.03,0.01,0.03,0.03,0.03
João Mário,pt POR,MF,West Ham,24,1993,13,12,1 022,11.avr,2,1,3,2,0,0,0,0,01.juil,01.juil,01.avr,03.janv,34,43,74,0.18,0.09,0.26,0.18,0.26,0.15,0.12,0.27,0.15,0.27
Anthony Martial,fr FRA,FW,Manchester Utd,21,1995,30,18,1 582,17.juin,9,5,14,8,1,1,1,0,06.mars,05.mai,05.janv,10.juin,107,52,182,0.51,0.28,0.80,0.46,0.74,0.36,0.29,0.65,0.31,0.60
Cuco Martina,cw CUW,DF,Everton,27,1989,21,20,1 83,20.mars,0,2,2,0,0,0,2,0,0.1,0.1,01.avr,01.mai,28,68,74,0.00,0.10,0.10,0.00,0.10,0.00,0.07,0.07,0.00,0.07
Bruno Martins Indi,nl NED,DF,Stoke City,25,1992,17,14,1 243,13.août,0,0,0,0,0,0,3,0,1.0,1.0,0.1,01.janv,2,28,4,0.00,0.00,0.00,0.00,0.00,0.07,0.01,0.08,0.07,0.08
Arthur Masuaku,cd COD,DF,West Ham,23,1993,27,21,1 87,20.août,0,3,3,0,0,0,5,0,0.3,0.3,2.0,02.févr,94,56,115,0.00,0.14,0.14,0.00,0.14,0.01,0.09,0.11,0.01,0.11
Juan Mata,es ESP,FW,Manchester Utd,29,1988,28,23,1 922,21.avr,3,5,8,3,0,0,1,0,03.juil,03.juil,04.mai,08.mars,46,101,162,0.14,0.23,0.37,0.14,0.37,0.18,0.21,0.39,0.18,0.39
Nemanja Matić,rs SRB,MF,Manchester Utd,28,1988,36,35,3 118,34.6,1,1,2,1,0,0,6,0,0.7,0.7,01.juin,02.mars,74,237,23,0.03,0.03,0.06,0.03,0.06,0.02,0.05,0.07,0.02,0.07
Joël Matip,cm CMR,DF,Liverpool,25,1991,25,22,1 997,22.févr,1,0,1,1,0,0,3,0,01.sept,01.sept,0.3,02.févr,23,108,5,0.05,0.00,0.05,0.05,0.05,0.09,0.01,0.10,0.09,0.10
Konstantinos Mavropanos,gr GRE,DF,Arsenal,19,1997,3,3,195,02.févr,0,0,0,0,0,0,0,1,0.0,0.0,0.0,0.0,1,5,0,0.00,0.00,0.00,0.00,0.00,0.00,0.00,0.00,0.00,0.00
Alfie Mawson,eng ENG,DF,Swansea City,23,1994,38,38,3 42,38.0,2,1,3,2,0,0,3,0,01.sept,01.sept,0.6,02.mai,29,92,8,0.05,0.03,0.08,0.05,0.08,0.05,0.02,0.06,0.05,0.06
Eric Maxim Choupo-Moting,cm CMR,FW MF,Stoke City,28,1989,30,26,2 314,25.juil,5,5,10,5,0,0,3,0,05.sept,05.sept,03.janv,09.janv,72,56,173,0.19,0.19,0.39,0.19,0.39,0.24,0.13,0.36,0.24,0.36
Chancel Mbemba,cd COD,DF,Newcastle Utd,22,1994,9,7,672,07.mai,0,0,0,0,0,0,0,0,0.0,0.0,0.5,0.5,9,21,11,0.00,0.00,0.00,0.00,0.00,0.00,0.06,0.06,0.00,0.06
James McArthur,sct SCO,MF,Crystal Palace,29,1987,33,27,2 431,27.0,5,1,6,5,0,0,5,0,03.juil,03.juil,02.févr,05.sept,32,107,94,0.19,0.04,0.22,0.19,0.22,0.14,0.08,0.22,0.14,0.22
Gareth McAuley,nir NIR,DF,West Brom,37,1979,9,5,458,05.janv,0,0,0,0,0,0,0,0,0.0,0.0,0.0,0.0,3,10,0,0.00,0.00,0.00,0.00,0.00,0.00,0.00,0.00,0.00,0.00
Oliver McBurnie,sct SCO,FW MF,Swansea City,21,1996,11,2,276,03.janv,0,1,1,0,0,0,0,0,0.4,0.4,0.7,01.janv,4,9,26,0.00,0.33,0.33,0.00,0.33,0.14,0.22,0.36,0.14,0.36
Alex McCarthy,eng ENG,GK,Southampton,27,1989,18,18,1 62,18.0,0,0,0,0,0,0,2,0,0.0,0.0,0.0,0.0,0,0,0,0.00,0.00,0.00,0.00,0.00,0.00,0.00,0.00,0.00,0.00
James McCarthy,ie IRL,MF,Everton,26,1990,4,3,205,02.mars,0,0,0,0,0,0,0,0,0.1,0.1,0.0,0.1,0,12,4,0.00,0.00,0.00,0.00,0.00,0.03,0.01,0.04,0.03,0.04
James McClean,ie IRL,MF FW,West Brom,28,1989,30,14,1 406,15.juin,1,0,1,1,0,0,7,0,01.août,01.août,0.8,02.juil,49,12,94,0.06,0.00,0.06,0.06,0.06,0.12,0.05,0.17,0.12,0.17
Sam McQueen,eng ENG,DF MF,Southampton,22,1995,7,1,148,01.juin,0,0,0,0,0,0,0,0,0.0,0.0,0.2,0.2,7,4,5,0.00,0.00,0.00,0.00,0.00,0.02,0.09,0.11,0.02,0.11
Scott McTominay,sct SCO,MF,Manchester Utd,20,1996,13,7,634,7.0,0,0,0,0,0,0,2,0,0.0,0.0,0.0,0.1,11,48,8,0.00,0.00,0.00,0.00,0.00,0.00,0.01,0.01,0.00,0.01
Ben Mee,eng ENG,DF,Burnley,27,1989,29,29,2 61,29.0,0,0,0,0,0,0,5,0,01.sept,01.sept,0.5,02.mars,5,77,3,0.00,0.00,0.00,0.00,0.00,0.06,0.02,0.08,0.06,0.08
Benjamin Mendy,fr FRA,DF FW,Manchester City,23,1994,7,4,363,4.0,0,1,1,0,0,0,2,0,0.1,0.1,0.8,0.9,21,27,62,0.00,0.25,0.25,0.00,0.25,0.03,0.19,0.23,0.03,0.23
Mikel Merino,es ESP,MF,Newcastle Utd,21,1996,24,14,1 347,15.0,1,1,2,1,0,0,4,0,0.6,0.6,0.9,01.mai,25,108,15,0.07,0.07,0.13,0.07,0.13,0.04,0.06,0.10,0.04,0.10
Per Mertesacker,de GER,DF,Arsenal,32,1984,6,4,366,04.janv,1,0,1,1,0,0,0,0,0.2,0.2,0.0,0.2,0,6,1,0.25,0.00,0.25,0.25,0.25,0.05,0.00,0.05,0.05,0.05
Player,Nation,Pos,Squad,Age,Born,MP,Starts,Min,90s,Gls,Ast,G+A,G-PK,PK,PKatt,CrdY,CrdR,xG,npxG,xAG,npxG+xAG,PrgC,PrgP,PrgR,Gls,Ast,G+A,G-PK,G+A-PK,xG,xAG,xG+xAG,npxG,npxG+xAG
Roque Mesa,es ESP,MF,Swansea City,28,1989,11,9,754,08.avr,0,0,0,0,0,0,3,0,0.2,0.2,0.2,0.4,12,36,1,0.00,0.00,0.00,0.00,0.00,0.02,0.02,0.04,0.02,0.04
Simon Mignolet,be BEL,GK,Liverpool,29,1988,19,19,1 71,19.0,0,0,0,0,0,0,3,0,0.0,0.0,0.0,0.0,0,0,0,0.00,0.00,0.00,0.00,0.00,0.00,0.00,0.00,0.00,0.00
Luka Milivojević,rs SRB,MF,Crystal Palace,26,1991,36,35,3 08,34.2,10,1,11,3,7,8,8,0,08.févr,01.août,1.0,02.sept,24,180,18,0.29,0.03,0.32,0.09,0.12,0.24,0.03,0.27,0.05,0.08
James Milner,eng ENG,MF,Liverpool,31,1986,32,16,1 775,19.juil,0,3,3,0,0,0,3,0,01.janv,01.janv,03.févr,04.mars,59,219,163,0.00,0.15,0.15,0.00,0.15,0.05,0.16,0.22,0.05,0.22
Tyrone Mings,eng ENG,DF,Bournemouth,24,1993,4,3,201,02.févr,0,0,0,0,0,0,1,0,0.0,0.0,0.1,0.1,1,8,1,0.00,0.00,0.00,0.00,0.00,0.01,0.02,0.03,0.01,0.03
Kevin Mirallas,be BEL,FW MF,Everton,29,1987,5,2,138,01.mai,0,0,0,0,0,0,1,0,0.2,0.2,0.1,0.2,10,3,11,0.00,0.00,0.00,0.00,0.00,0.12,0.04,0.16,0.12,0.16
Aleksandar Mitrović,rs SRB,FW,Newcastle Utd,22,1994,6,0,95,01.janv,1,0,1,1,0,0,0,0,01.févr,01.févr,0.2,01.mars,4,3,15,0.95,0.00,0.95,0.95,0.95,janv.14,0.15,janv.29,janv.14,janv.29
Henrikh Mkhitaryan,am ARM,FW MF,Arsenal,28,1989,11,9,794,08.août,2,4,6,2,0,0,0,0,01.mai,01.mai,02.août,04.févr,34,55,81,0.23,0.45,0.68,0.23,0.68,0.17,0.31,0.48,0.17,0.48
Henrikh Mkhitaryan,am ARM,MF FW,Manchester Utd,28,1989,15,11,922,10.févr,1,5,6,1,0,0,2,0,0.8,0.8,3.0,03.août,40,61,69,0.10,0.49,0.59,0.10,0.59,0.07,0.29,0.37,0.07,0.37
Nacho Monreal,es ESP,DF,Arsenal,31,1986,28,26,2 243,24.sept,5,2,7,5,0,0,3,0,01.juil,01.juil,02.juin,04.mars,41,138,73,0.20,0.08,0.28,0.20,0.28,0.07,0.11,0.17,0.07,0.17
Aaron Mooy,au AUS,MF,Huddersfield,26,1990,36,34,3 067,34.1,4,3,7,3,1,1,4,0,3.0,02.févr,4.0,06.févr,55,239,77,0.12,0.09,0.21,0.09,0.18,0.09,0.12,0.20,0.06,0.18
Álvaro Morata,es ESP,FW,Chelsea,24,1992,31,24,2 061,22.sept,11,6,17,11,0,0,7,0,13.0,13.0,03.janv,16.0,54,46,228,0.48,0.26,0.74,0.48,0.74,0.57,0.13,0.70,0.57,0.70
Alberto Moreno,es ESP,DF,Liverpool,25,1992,16,14,1 266,14.janv,0,0,0,0,0,0,1,0,0.5,0.5,0.8,01.mars,32,59,81,0.00,0.00,0.00,0.00,0.00,0.04,0.06,0.09,0.04,0.09
Wes Morgan,jm JAM,DF,Leicester City,33,1984,32,32,2 817,31.mars,0,0,0,0,0,0,4,0,01.juin,01.juin,0.4,2.0,13,50,11,0.00,0.00,0.00,0.00,0.00,0.05,0.01,0.06,0.05,0.06
James Morrison,sct SCO,MF,West Brom,31,1986,4,2,207,02.mars,1,0,1,1,0,0,0,0,1.0,1.0,0.1,01.janv,1,11,16,0.43,0.00,0.43,0.43,0.43,0.44,0.04,0.49,0.44,0.49
Victor Moses,ng NGA,DF MF,Chelsea,26,1990,28,25,2 11,23.avr,3,3,6,3,0,0,3,0,3.0,3.0,02.avr,05.avr,95,66,203,0.13,0.13,0.26,0.13,0.26,0.13,0.10,0.23,0.13,0.23
Steve Mounié,bj BEN,FW,Huddersfield,22,1994,28,21,1 855,20.juin,7,1,8,7,0,0,2,0,05.févr,05.févr,01.août,7.0,13,27,93,0.34,0.05,0.39,0.34,0.39,0.25,0.09,0.34,0.25,0.34
Lucas Moura,br BRA,FW MF,Tottenham,24,1992,6,2,210,02.mars,0,1,1,0,0,0,0,0,0.2,0.2,0.3,0.4,15,12,37,0.00,0.43,0.43,0.00,0.43,0.08,0.11,0.18,0.08,0.18
Lys Mousset,fr FRA,FW MF,Bournemouth,21,1996,23,4,596,06.juin,2,0,2,2,0,0,1,0,01.févr,01.févr,0.8,02.janv,18,16,53,0.30,0.00,0.30,0.30,0.30,0.18,0.13,0.31,0.18,0.31
Jacob Murphy,eng ENG,MF FW,Newcastle Utd,22,1995,25,13,1 148,12.août,1,1,2,1,0,0,0,0,01.août,01.août,01.mars,03.janv,48,32,85,0.08,0.08,0.16,0.08,0.16,0.14,0.10,0.24,0.14,0.24
Jamie Murphy,sct SCO,MF,Brighton,27,1989,4,1,168,01.sept,0,0,0,0,0,0,0,0,0.1,0.1,0.0,0.1,7,4,14,0.00,0.00,0.00,0.00,0.00,0.03,0.01,0.04,0.03,0.04
Glenn Murray,eng ENG,FW,Brighton,33,1983,35,25,2 192,24.avr,12,0,12,8,4,6,9,0,11.sept,07.mai,01.juin,09.janv,12,38,138,0.49,0.00,0.49,0.33,0.33,0.49,0.07,0.55,0.31,0.37
Charly Musonda Jr.,be BEL,FW,Chelsea,20,1996,3,0,37,0.4,0,0,0,0,0,0,0,0,0.2,0.2,0.5,0.7,1,1,4,0.00,0.00,0.00,0.00,0.00,0.40,janv.27,janv.67,0.40,janv.67
Shkodran Mustafi,de GER,DF,Arsenal,25,1992,27,25,2 273,25.mars,3,1,4,3,0,0,6,0,0.8,0.8,01.mars,02.janv,12,92,9,0.12,0.04,0.16,0.12,0.16,0.03,0.05,0.08,0.03,0.08
Boaz Myhill,wls WAL,GK,West Brom,34,1982,1,1,90,1.0,0,0,0,0,0,0,1,0,0.0,0.0,0.0,0.0,0,0,0,0.00,0.00,0.00,0.00,0.00,0.00,0.00,0.00,0.00,0.00
Player,Nation,Pos,Squad,Age,Born,MP,Starts,Min,90s,Gls,Ast,G+A,G-PK,PK,PKatt,CrdY,CrdR,xG,npxG,xAG,npxG+xAG,PrgC,PrgP,PrgR,Gls,Ast,G+A,G-PK,G+A-PK,xG,xAG,xG+xAG,npxG,npxG+xAG
Georges-Kévin N'Koudou,cm CMR,MF,Tottenham,22,1995,1,0,1,0.0,0,0,0,0,0,0,0,0,0.0,0.0,0.0,0.0,0,0,0,0.00,0.00,0.00,0.00,0.00,,,,,
Georges-Kévin N'Koudou,cm CMR,MF FW,Burnley,22,1995,8,2,228,02.mai,0,0,0,0,0,0,1,0,0.1,0.1,0.0,0.2,13,5,15,0.00,0.00,0.00,0.00,0.00,0.06,0.02,0.08,0.06,0.08
Luciano Narsingh,nl NED,FW MF,Swansea City,26,1990,18,5,625,06.sept,1,0,1,1,0,0,0,0,0.8,0.8,01.janv,2.0,30,15,73,0.14,0.00,0.14,0.14,0.14,0.12,0.16,0.28,0.12,0.28
Kyle Naughton,eng ENG,DF,Swansea City,28,1988,34,34,3 03,33.7,0,2,2,0,0,0,1,0,0.4,0.4,0.5,0.8,50,193,88,0.00,0.06,0.06,0.00,0.06,0.01,0.01,0.03,0.01,0.03
Badou Ndiaye,sn SEN,MF,Stoke City,26,1990,13,13,1 138,12.juin,2,1,3,2,0,0,5,0,01.juin,01.juin,0.3,01.sept,12,46,20,0.16,0.08,0.24,0.16,0.24,0.13,0.02,0.15,0.13,0.15
Wilfred Ndidi,ng NGA,MF,Leicester City,20,1996,33,33,2 896,32.2,0,3,3,0,0,0,10,4,02.janv,02.janv,0.6,02.juin,30,136,48,0.00,0.09,0.09,0.00,0.09,0.06,0.02,0.08,0.06,0.08
Reiss Nelson,eng ENG,FW MF,Arsenal,17,1999,3,2,145,01.juin,0,0,0,0,0,0,0,0,0.1,0.1,0.0,0.1,3,8,13,0.00,0.00,0.00,0.00,0.00,0.06,0.02,0.08,0.06,0.08
Julien Ngoy,be BEL,MF,Stoke City,19,1997,1,0,20,0.2,0,0,0,0,0,0,0,0,0.0,0.0,0.0,0.0,0,0,2,0.00,0.00,0.00,0.00,0.00,0.00,0.00,0.00,0.00,0.00
Oumar Niasse,sn SEN,FW,Everton,27,1990,22,10,1 087,12.janv,8,2,10,8,0,0,2,0,7.0,7.0,01.avr,08.avr,21,17,106,0.66,0.17,0.83,0.66,0.83,0.58,0.11,0.69,0.58,0.69
Eddie Nketiah,eng ENG,FW,Arsenal,18,1999,3,0,20,0.2,0,1,1,0,0,0,0,0,0.1,0.1,0.0,0.1,0,0,0,0.00,avr.50,avr.50,0.00,avr.50,0.29,0.00,0.29,0.29,0.29
Lukas Nmecha,de GER,FW,Manchester City,18,1998,2,0,16,0.2,0,0,0,0,0,0,0,0,0.0,0.0,0.0,0.0,0,0,0,0.00,0.00,0.00,0.00,0.00,0.00,0.00,0.00,0.00,0.00
Mark Noble,eng ENG,MF,West Ham,30,1987,29,28,2 4,26.juil,4,0,4,2,2,2,6,0,02.avr,0.8,01.août,02.juin,10,143,25,0.15,0.00,0.15,0.07,0.07,0.09,0.07,0.16,0.03,0.10
Allan Nyom,cm CMR,DF,West Brom,29,1988,29,25,2 31,25.juil,0,1,1,0,0,0,7,0,0.1,0.1,01.janv,01.févr,36,58,71,0.00,0.04,0.04,0.00,0.04,0.00,0.04,0.05,0.00,0.05
Aiden O'Neill,au AUS,MF,Burnley,19,1998,1,0,1,0.0,0,0,0,0,0,0,0,0,,,,,,,,0.00,0.00,0.00,0.00,0.00,,,,,
Michael Obafemi,ie IRL,FW,Southampton,17,2000,1,0,9,0.1,0,0,0,0,0,0,0,0,0.4,0.4,0.0,0.4,0,0,1,0.00,0.00,0.00,0.00,0.00,mars.73,0.00,mars.73,mars.73,mars.73
Pedro Obiang,gq EQG,MF,West Ham,25,1992,21,18,1 563,17.avr,2,0,2,2,0,0,3,0,0.4,0.4,0.4,0.8,10,77,10,0.12,0.00,0.12,0.12,0.12,0.02,0.02,0.04,0.02,0.04
Angelo Ogbonna,it ITA,DF,West Ham,29,1988,32,32,2 88,32.0,1,0,1,1,0,0,3,0,0.7,0.7,0.5,01.janv,4,44,4,0.03,0.00,0.03,0.03,0.03,0.02,0.01,0.04,0.02,0.04
Stefano Okaka,it ITA,FW,Watford,27,1989,15,3,453,5.0,1,1,2,1,0,0,2,0,01.août,01.août,0.4,02.févr,8,10,48,0.20,0.20,0.40,0.20,0.40,0.36,0.07,0.43,0.36,0.43
Shinji Okazaki,jp JPN,FW MF,Leicester City,31,1986,27,17,1 324,14.juil,6,2,8,6,0,0,2,0,06.juil,06.juil,2.0,08.juil,19,24,61,0.41,0.14,0.54,0.41,0.54,0.45,0.14,0.59,0.45,0.59
Martin Olsson,se SWE,DF,Swansea City,29,1988,36,36,3 149,35.0,0,1,1,0,0,0,7,0,0.9,0.9,0.8,01.juil,112,87,143,0.00,0.03,0.03,0.00,0.03,0.03,0.02,0.05,0.03,0.05
Divock Origi,be BEL,FW,Liverpool,22,1995,1,0,10,0.1,0,0,0,0,0,0,0,0,0.0,0.0,0.0,0.0,0,0,0,0.00,0.00,0.00,0.00,0.00,0.00,0.00,0.00,0.00,0.00
David Ospina,co COL,GK,Arsenal,28,1988,5,4,381,04.févr,0,0,0,0,0,0,0,0,0.0,0.0,0.0,0.0,0,0,0,0.00,0.00,0.00,0.00,0.00,0.00,0.00,0.00,0.00,0.00
Nicolás Otamendi,ar ARG,DF,Manchester City,29,1988,34,33,2 967,33.0,4,0,4,4,0,0,9,0,02.juil,02.juil,0.9,03.juin,92,212,8,0.12,0.00,0.12,0.12,0.12,0.08,0.03,0.11,0.08,0.11
Reece Oxford,eng ENG,MF,West Ham,18,1998,1,0,5,0.1,0,0,0,0,0,0,0,0,0.0,0.0,0.0,0.0,0,0,0,0.00,0.00,0.00,0.00,0.00,0.00,0.00,0.00,0.00,0.00
Alex Oxlade-Chamberlain,eng ENG,DF,Arsenal,23,1993,3,3,241,02.juil,0,0,0,0,0,0,0,0,0.3,0.3,0.5,0.8,19,16,21,0.00,0.00,0.00,0.00,0.00,0.09,0.19,0.29,0.09,0.29
Player,Nation,Pos,Squad,Age,Born,MP,Starts,Min,90s,Gls,Ast,G+A,G-PK,PK,PKatt,CrdY,CrdR,xG,npxG,xAG,npxG+xAG,PrgC,PrgP,PrgR,Gls,Ast,G+A,G-PK,G+A-PK,xG,xAG,xG+xAG,npxG,npxG+xAG
Alex Oxlade-Chamberlain,eng ENG,MF FW,Liverpool,23,1993,32,14,1 493,16.juin,3,7,10,3,0,0,3,0,02.févr,02.févr,03.août,05.sept,76,120,122,0.18,0.42,0.60,0.18,0.60,0.13,0.23,0.36,0.13,0.36
Mesut Özil,de GER,MF FW,Arsenal,28,1988,26,24,2 163,24.0,4,8,12,4,0,0,4,0,04.avr,04.avr,08.juil,13.janv,136,277,267,0.17,0.33,0.50,0.17,0.50,0.18,0.36,0.55,0.18,0.55
Kasey Palmer,jm JAM,MF FW,Huddersfield,20,1996,4,1,170,01.sept,0,0,0,0,0,0,2,0,0.1,0.1,0.1,0.2,4,6,5,0.00,0.00,0.00,0.00,0.00,0.05,0.04,0.09,0.05,0.09
Emerson Palmieri,it ITA,DF,Chelsea,22,1994,5,3,280,03.janv,0,1,1,0,0,0,0,0,0.1,0.1,0.0,0.2,13,5,23,0.00,0.32,0.32,0.00,0.32,0.04,0.01,0.05,0.04,0.05
Pedro,es ESP,MF FW,Chelsea,30,1987,31,17,1 523,16.sept,4,2,6,4,0,0,1,0,3.0,3.0,01.mars,04.mars,66,56,135,0.24,0.12,0.35,0.24,0.35,0.18,0.07,0.25,0.18,0.25
Roberto Pereyra,ar ARG,MF FW,Watford,26,1991,32,18,1 624,18.0,5,2,7,5,0,0,3,0,03.mars,03.mars,3.0,06.mars,61,79,112,0.28,0.11,0.39,0.28,0.39,0.18,0.17,0.35,0.18,0.35
Ayoze Pérez,es ESP,MF FW,Newcastle Utd,24,1993,36,28,2 492,27.juil,8,5,13,8,0,0,3,0,06.févr,06.févr,04.juil,10.sept,68,75,178,0.29,0.18,0.47,0.29,0.47,0.22,0.17,0.39,0.22,0.39
Matt Phillips,sct SCO,MF DF,West Brom,26,1991,30,23,2 093,23.mars,2,2,4,2,0,0,3,0,02.avr,02.avr,04.janv,06.mai,85,31,146,0.09,0.09,0.17,0.09,0.17,0.10,0.18,0.28,0.10,0.28
Jordan Pickford,eng ENG,GK,Everton,23,1994,38,38,3 42,38.0,0,0,0,0,0,0,0,0,0.0,0.0,0.1,0.1,0,0,0,0.00,0.00,0.00,0.00,0.00,0.00,0.00,0.00,0.00,0.00
Jérémy Pied,fr FRA,DF,Southampton,28,1989,2,2,180,2.0,0,1,1,0,0,0,0,0,0.0,0.0,0.2,0.2,7,13,5,0.00,0.50,0.50,0.00,0.50,0.02,0.08,0.10,0.02,0.10
Erik Pieters,nl NED,DF,Stoke City,28,1988,31,30,2 718,30.2,0,1,1,0,0,0,5,0,0.1,0.1,01.mai,01.juin,35,113,71,0.00,0.03,0.03,0.00,0.03,0.00,0.05,0.05,0.00,0.05
Paul Pogba,fr FRA,MF,Manchester Utd,24,1993,27,25,2 148,23.sept,6,10,16,6,0,0,5,1,07.juil,07.juil,04.mai,12.févr,95,250,92,0.25,0.42,0.67,0.25,0.67,0.32,0.19,0.51,0.32,0.51
Nick Pope,eng ENG,GK,Burnley,25,1992,35,34,3 115,34.6,0,0,0,0,0,0,3,0,0.0,0.0,0.5,0.5,0,0,0,0.00,0.00,0.00,0.00,0.00,0.00,0.01,0.01,0.00,0.01
Alex Pritchard,eng ENG,MF FW,Huddersfield,24,1993,14,12,998,11.janv,1,1,2,1,0,0,1,0,01.févr,01.févr,01.sept,03.janv,24,44,70,0.09,0.09,0.18,0.09,0.18,0.11,0.17,0.28,0.11,0.28
Sebastian Prödl,at AUT,DF,Watford,30,1987,21,17,1 57,17.avr,0,0,0,0,0,0,5,0,0.6,0.6,0.2,0.9,4,40,2,0.00,0.00,0.00,0.00,0.00,0.04,0.01,0.05,0.04,0.05
Davy Pröpper,nl NED,MF,Brighton,25,1991,35,35,3 119,34.7,0,4,4,0,0,0,2,1,01.sept,01.sept,01.avr,03.avr,20,188,47,0.00,0.12,0.12,0.00,0.12,0.06,0.04,0.10,0.06,0.10
Marc Pugh,eng ENG,MF FW,Bournemouth,30,1987,20,11,985,10.sept,0,0,0,0,0,0,2,0,01.mars,01.mars,0.5,01.sept,40,52,103,0.00,0.00,0.00,0.00,0.00,0.12,0.05,0.17,0.12,0.17
Jason Puncheon,eng ENG,MF,Crystal Palace,31,1986,10,6,571,06.mars,0,0,0,0,0,0,5,0,01.févr,01.févr,0.5,01.juil,8,31,19,0.00,0.00,0.00,0.00,0.00,0.19,0.07,0.26,0.19,0.26
Collin Quaner,de GER,FW MF,Huddersfield,26,1991,26,13,1 28,14.févr,0,4,4,0,0,0,4,0,01.avr,01.avr,02.mai,03.sept,56,44,85,0.00,0.28,0.28,0.00,0.28,0.10,0.18,0.28,0.10,0.28
Sandro Ramírez,es ESP,FW MF,Everton,22,1995,8,3,278,03.janv,0,0,0,0,0,0,0,0,0.5,0.5,0.0,0.5,1,8,21,0.00,0.00,0.00,0.00,0.00,0.15,0.01,0.16,0.15,0.16
Aaron Ramsey,wls WAL,MF,Arsenal,26,1990,24,21,1 846,20.mai,7,8,15,7,0,0,0,0,06.janv,06.janv,05.avr,11.mai,61,134,161,0.34,0.39,0.73,0.34,0.73,0.30,0.26,0.56,0.30,0.56
Àngel Rangel,es ESP,DF,Swansea City,34,1982,4,2,156,01.juil,0,0,0,0,0,0,0,0,0.0,0.0,0.1,0.1,6,11,11,0.00,0.00,0.00,0.00,0.00,0.00,0.04,0.04,0.00,0.04
Marcus Rashford,eng ENG,FW MF,Manchester Utd,19,1997,35,17,1 813,20.janv,7,5,12,7,0,0,3,0,05.févr,05.févr,03.août,9.0,82,46,160,0.35,0.25,0.60,0.35,0.60,0.26,0.19,0.45,0.26,0.45
Nathan Redmond,eng ENG,FW MF,Southampton,23,1994,31,22,1 945,21.juin,1,3,4,1,0,0,3,0,02.févr,02.févr,03.juin,05.août,84,94,182,0.05,0.14,0.19,0.05,0.19,0.10,0.17,0.27,0.10,0.27
Winston Reid,nz NZL,DF,West Ham,29,1988,17,17,1 452,16.janv,0,0,0,0,0,0,5,0,0.3,0.3,0.3,0.5,3,39,6,0.00,0.00,0.00,0.00,0.00,0.02,0.02,0.03,0.02,0.03
Player,Nation,Pos,Squad,Age,Born,MP,Starts,Min,90s,Gls,Ast,G+A,G-PK,PK,PKatt,CrdY,CrdR,xG,npxG,xAG,npxG+xAG,PrgC,PrgP,PrgR,Gls,Ast,G+A,G-PK,G+A-PK,xG,xAG,xG+xAG,npxG,npxG+xAG
Declan Rice,eng ENG,DF MF,West Ham,18,1999,26,15,1 43,15.sept,0,0,0,0,0,0,1,0,0.2,0.2,0.1,0.3,18,36,6,0.00,0.00,0.00,0.00,0.00,0.01,0.01,0.02,0.01,0.02
Richarlison,br BRA,FW MF,Watford,20,1997,38,32,2 823,31.4,5,4,9,5,0,0,4,0,10.mars,10.mars,03.avr,13.juil,126,73,306,0.16,0.13,0.29,0.16,0.29,0.33,0.11,0.44,0.33,0.44
Jaïro Riedewald,nl NED,MF DF,Crystal Palace,20,1996,12,4,442,04.sept,0,0,0,0,0,0,0,0,0.0,0.0,0.0,0.0,2,16,7,0.00,0.00,0.00,0.00,0.00,0.01,0.00,0.01,0.01,0.01
Matt Ritchie,sct SCO,MF FW,Newcastle Utd,27,1989,35,32,2 804,31.2,3,5,8,3,0,0,6,0,03.janv,03.janv,6.0,09.janv,53,93,139,0.10,0.16,0.26,0.10,0.26,0.10,0.19,0.29,0.10,0.29
Connor Roberts,wls WAL,DF,Swansea City,21,1995,4,3,268,3.0,0,0,0,0,0,0,0,0,0.0,0.0,0.0,0.0,3,11,10,0.00,0.00,0.00,0.00,0.00,0.00,0.00,0.00,0.00,0.00
Andrew Robertson,sct SCO,DF,Liverpool,23,1994,22,22,1 94,21.juin,1,5,6,1,0,0,2,0,0.5,0.5,04.janv,04.juil,76,150,214,0.05,0.23,0.28,0.05,0.28,0.03,0.19,0.22,0.03,0.22
Hal Robson-Kanu,wls WAL,FW MF,West Brom,28,1989,21,8,827,09.févr,2,0,2,2,0,0,2,1,02.avr,02.avr,0.4,02.août,17,24,63,0.22,0.00,0.22,0.22,0.22,0.26,0.04,0.31,0.26,0.31
Jay Rodriguez,eng ENG,FW MF,West Brom,28,1989,37,31,2 812,31.2,7,1,8,6,1,1,2,0,08.avr,07.juin,01.juin,09.févr,47,52,166,0.22,0.03,0.26,0.19,0.22,0.27,0.05,0.32,0.24,0.30
Marcos Rojo,ar ARG,DF,Manchester Utd,27,1990,9,8,640,07.janv,0,0,0,0,0,0,6,0,0.2,0.2,0.1,0.2,3,13,1,0.00,0.00,0.00,0.00,0.00,0.02,0.01,0.03,0.02,0.03
Sergio Romero,ar ARG,GK,Manchester Utd,30,1987,1,1,90,1.0,0,0,0,0,0,0,0,0,0.0,0.0,0.0,0.0,0,0,0,0.00,0.00,0.00,0.00,0.00,0.00,0.00,0.00,0.00,0.00
Oriol Romeu,es ESP,MF,Southampton,25,1991,34,34,2 897,32.2,1,0,1,1,0,0,11,0,02.juin,02.juin,01.avr,4.0,44,201,16,0.03,0.00,0.03,0.03,0.03,0.08,0.04,0.13,0.08,0.13
Salomón Rondón,ve VEN,FW,West Brom,27,1989,36,32,2 767,30.juil,7,3,10,7,0,0,4,0,7.0,7.0,02.août,09.août,45,66,201,0.23,0.10,0.33,0.23,0.33,0.23,0.09,0.32,0.23,0.32
Wayne Rooney,eng ENG,MF FW,Everton,31,1985,31,27,2 268,25.févr,10,2,12,7,3,6,5,0,08.juin,03.août,02.févr,6.0,26,122,91,0.40,0.08,0.48,0.28,0.36,0.34,0.09,0.43,0.15,0.24
Danny Rose,eng ENG,DF,Tottenham,27,1990,10,9,800,08.sept,0,1,1,0,0,0,4,0,0.6,0.6,0.6,01.févr,36,56,77,0.00,0.11,0.11,0.00,0.11,0.07,0.07,0.14,0.07,0.14
Liam Rosenior,eng ENG,DF,Brighton,33,1984,3,1,164,01.août,0,0,0,0,0,0,0,0,0.1,0.1,0.0,0.1,1,5,2,0.00,0.00,0.00,0.00,0.00,0.03,0.00,0.03,0.03,0.03
Wayne Routledge,eng ENG,MF FW,Swansea City,32,1985,15,4,429,04.août,0,0,0,0,0,0,1,0,0.4,0.4,0.4,0.8,9,17,36,0.00,0.00,0.00,0.00,0.00,0.09,0.09,0.17,0.09,0.17
Antonio Rüdiger,de GER,DF,Chelsea,24,1993,27,25,2 338,26.0,2,1,3,2,0,0,4,0,01.juil,01.juil,0.4,02.janv,33,121,7,0.08,0.04,0.12,0.08,0.12,0.07,0.01,0.08,0.07,0.08
Mathew Ryan,au AUS,GK,Brighton,25,1992,38,38,3 42,38.0,0,0,0,0,0,0,0,0,0.0,0.0,0.0,0.0,0,0,0,0.00,0.00,0.00,0.00,0.00,0.00,0.00,0.00,0.00,0.00
Abdelhamid Sabiri,ma MAR,MF,Huddersfield,20,1996,5,2,220,02.avr,0,1,1,0,0,0,1,0,0.3,0.3,0.1,0.4,2,13,8,0.00,0.41,0.41,0.00,0.41,0.11,0.06,0.17,0.11,0.17
Henri Saivet,sn SEN,MF,Newcastle Utd,26,1990,1,1,83,0.9,1,0,1,1,0,0,0,0,0.1,0.1,0.0,0.1,0,1,0,01.août,0.00,01.août,01.août,01.août,0.05,0.00,0.05,0.05,0.05
Diafra Sakho,sn SEN,FW,West Ham,27,1989,14,0,306,03.avr,2,0,2,2,0,0,2,0,01.avr,01.avr,0.1,01.mai,4,6,22,0.59,0.00,0.59,0.59,0.59,0.42,0.02,0.43,0.42,0.43
Mamadou Sakho,fr FRA,DF,Crystal Palace,27,1990,19,18,1 6,17.août,1,2,3,1,0,0,1,0,01.févr,01.févr,01.janv,02.mars,4,43,3,0.06,0.11,0.17,0.06,0.17,0.07,0.06,0.13,0.07,0.13
Bakary Sako,ml MLI,FW MF,Crystal Palace,29,1988,16,4,478,05.mars,3,0,3,3,0,0,0,0,01.sept,01.sept,01.janv,3.0,20,8,43,0.56,0.00,0.56,0.56,0.56,0.36,0.20,0.56,0.36,0.56
Mohamed Salah,eg EGY,FW,Liverpool,25,1992,36,34,2 907,32.3,32,10,42,31,1,2,1,0,24.janv,22.juin,07.mai,30.janv,95,97,393,0.99,0.31,janv.30,0.96,janv.27,0.75,0.23,0.98,0.70,0.93
Renato Sanches,pt POR,MF,Swansea City,19,1997,12,9,702,07.août,0,0,0,0,0,0,1,0,0.5,0.5,0.3,0.8,32,45,33,0.00,0.00,0.00,0.00,0.00,0.06,0.04,0.10,0.06,0.10
Player,Nation,Pos,Squad,Age,Born,MP,Starts,Min,90s,Gls,Ast,G+A,G-PK,PK,PKatt,CrdY,CrdR,xG,npxG,xAG,npxG+xAG,PrgC,PrgP,PrgR,Gls,Ast,G+A,G-PK,G+A-PK,xG,xAG,xG+xAG,npxG,npxG+xAG
Alexis Sánchez,cl CHI,MF FW,Arsenal,28,1988,19,17,1 503,16.juil,7,3,10,6,1,1,4,0,08.janv,07.mars,04.sept,12.févr,50,149,218,0.42,0.18,0.60,0.36,0.54,0.49,0.29,0.78,0.44,0.73
Alexis Sánchez,cl CHI,FW MF,Manchester Utd,28,1988,12,12,1 043,11.juin,2,3,5,2,0,1,1,0,02.juil,01.août,02.avr,04.mars,29,70,102,0.17,0.26,0.43,0.17,0.43,0.23,0.21,0.44,0.16,0.37
Davinson Sánchez,co COL,DF,Tottenham,21,1996,31,29,2 534,28.févr,0,0,0,0,0,0,1,1,0.5,0.5,0.1,0.7,8,82,2,0.00,0.00,0.00,0.00,0.00,0.02,0.00,0.02,0.02,0.02
Leroy Sané,de GER,FW,Manchester City,21,1996,32,27,2 419,26.sept,10,15,25,10,0,0,4,0,05.août,05.août,06.août,12.mai,102,68,416,0.37,0.56,0.93,0.37,0.93,0.21,0.25,0.47,0.21,0.47
Ezequiel Schelotto,it ITA,DF,Brighton,28,1989,20,15,1 318,14.juin,0,0,0,0,0,0,3,0,0.2,0.2,0.6,0.8,37,48,53,0.00,0.00,0.00,0.00,0.00,0.02,0.04,0.06,0.02,0.06
Christopher Schindler,de GER,DF,Huddersfield,27,1990,37,37,3 265,36.3,0,1,1,0,0,0,8,1,01.janv,01.janv,02.mars,03.avr,11,80,6,0.00,0.03,0.03,0.00,0.03,0.03,0.06,0.09,0.03,0.09
Jeffrey Schlupp,gh GHA,DF MF,Crystal Palace,24,1992,24,21,1 745,19.avr,0,1,1,0,0,0,3,0,01.févr,01.févr,1.0,02.févr,32,74,51,0.00,0.05,0.05,0.00,0.05,0.06,0.05,0.12,0.06,0.12
Kasper Schmeichel,dk DEN,GK,Leicester City,30,1986,33,33,2 965,32.9,0,0,0,0,0,0,3,0,0.0,0.0,0.1,0.1,0,6,0,0.00,0.00,0.00,0.00,0.00,0.00,0.00,0.00,0.00,0.00
Morgan Schneiderlin,fr FRA,MF,Everton,27,1989,30,24,2 13,23.juil,0,0,0,0,0,0,6,1,0.4,0.4,0.2,0.6,15,106,8,0.00,0.00,0.00,0.00,0.00,0.02,0.01,0.03,0.02,0.03
Xherdan Shaqiri,ch SUI,MF FW,Stoke City,25,1991,36,36,3 039,33.8,8,7,15,8,0,1,5,0,5.0,04.févr,07.janv,11.mars,81,161,183,0.24,0.21,0.44,0.24,0.44,0.15,0.21,0.36,0.12,0.33
Luke Shaw,eng ENG,DF,Manchester Utd,22,1995,11,8,790,08.août,0,0,0,0,0,0,2,0,0.4,0.4,0.4,0.8,34,48,35,0.00,0.00,0.00,0.00,0.00,0.05,0.04,0.09,0.05,0.09
Ryan Shawcross,eng ENG,DF,Stoke City,29,1987,27,27,2 371,26.mars,1,1,2,1,0,0,2,0,02.mai,02.mai,0.3,02.août,5,46,9,0.04,0.04,0.08,0.04,0.08,0.09,0.01,0.11,0.09,0.11
Jonjo Shelvey,eng ENG,MF,Newcastle Utd,25,1992,30,25,2 268,25.févr,1,3,4,1,0,0,4,3,02.avr,02.avr,02.mai,04.sept,31,183,23,0.04,0.12,0.16,0.04,0.16,0.09,0.10,0.19,0.09,0.19
Gylfi Sigurðsson,is ISL,MF FW,Everton,27,1989,27,25,2 259,25.janv,4,3,7,4,0,0,2,0,3.0,3.0,03.sept,06.sept,29,77,110,0.16,0.12,0.28,0.16,0.28,0.12,0.16,0.28,0.12,0.28
Adrien Silva,pt POR,MF,Leicester City,28,1989,12,9,761,08.mai,0,1,1,0,0,0,3,0,0.3,0.3,0.8,01.janv,12,55,15,0.00,0.12,0.12,0.00,0.12,0.04,0.10,0.14,0.04,0.14
Bernardo Silva,pt POR,FW MF,Manchester City,22,1994,35,15,1 533,17.0,6,4,10,6,0,0,0,0,03.août,03.mai,02.août,06.mars,80,80,218,0.35,0.23,0.59,0.35,0.59,0.22,0.16,0.39,0.20,0.37
David Silva,es ESP,MF,Manchester City,31,1986,29,28,2 43,27.0,9,11,20,9,0,0,5,0,07.févr,07.févr,08.avr,15.juin,158,337,247,0.33,0.41,0.74,0.33,0.74,0.27,0.31,0.58,0.27,0.58
Danny Simpson,eng ENG,DF,Leicester City,30,1987,28,27,2 306,25.juin,0,0,0,0,0,0,4,0,0.2,0.2,0.1,0.3,11,54,47,0.00,0.00,0.00,0.00,0.00,0.01,0.01,0.01,0.01,0.01
Jack Simpson,eng ENG,DF,Bournemouth,20,1996,1,1,71,0.8,0,0,0,0,0,0,0,0,0.0,0.0,0.0,0.0,0,0,0,0.00,0.00,0.00,0.00,0.00,0.00,0.00,0.00,0.00,0.00
Josh Sims,eng ENG,FW MF,Southampton,20,1997,6,1,163,01.août,0,0,0,0,0,0,0,0,0.6,0.6,0.1,0.7,10,4,17,0.00,0.00,0.00,0.00,0.00,0.34,0.07,0.41,0.34,0.41
Jerome Sinclair,eng ENG,MF FW,Watford,20,1996,4,0,31,0.3,0,0,0,0,0,0,0,0,0.0,0.0,0.0,0.0,1,2,1,0.00,0.00,0.00,0.00,0.00,0.00,0.13,0.13,0.00,0.13
Moussa Sissoko,fr FRA,MF FW,Tottenham,27,1989,33,15,1 402,15.juin,1,1,2,1,0,0,3,0,02.févr,02.févr,02.févr,04.avr,50,85,102,0.06,0.06,0.13,0.06,0.13,0.14,0.14,0.28,0.14,0.28
Islam Slimani,dz ALG,FW,Leicester City,29,1988,12,2,249,02.août,1,1,2,1,0,0,0,0,01.mai,01.mai,0.2,01.juil,5,7,25,0.36,0.36,0.72,0.36,0.72,0.55,0.07,0.63,0.55,0.63
Islam Slimani,dz ALG,FW,Newcastle Utd,29,1988,4,1,132,01.mai,0,0,0,0,0,0,1,0,0.0,0.0,0.4,0.4,3,2,19,0.00,0.00,0.00,0.00,0.00,0.00,0.28,0.28,0.00,0.28
Chris Smalling,eng ENG,DF,Manchester Utd,27,1989,29,28,2 536,28.févr,4,0,4,4,0,0,4,0,01.juil,01.juil,0.2,2.0,5,37,8,0.14,0.00,0.14,0.14,0.14,0.06,0.01,0.07,0.06,0.07
Player,Nation,Pos,Squad,Age,Born,MP,Starts,Min,90s,Gls,Ast,G+A,G-PK,PK,PKatt,CrdY,CrdR,xG,npxG,xAG,npxG+xAG,PrgC,PrgP,PrgR,Gls,Ast,G+A,G-PK,G+A-PK,xG,xAG,xG+xAG,npxG,npxG+xAG
Adam Smith,eng ENG,DF MF,Bournemouth,26,1991,27,22,2 071,23.0,1,3,4,1,0,0,6,0,0.5,0.5,01.juin,02.janv,56,90,99,0.04,0.13,0.17,0.04,0.17,0.02,0.07,0.09,0.02,0.09
Tommy Smith,eng ENG,DF,Huddersfield,25,1992,24,21,1 904,21.févr,0,1,1,0,0,0,7,0,0.2,0.2,01.août,2.0,36,56,86,0.00,0.05,0.05,0.00,0.05,0.01,0.09,0.09,0.01,0.09
Cédric Soares,pt POR,DF,Southampton,25,1991,32,32,2 794,31.0,0,3,3,0,0,0,3,0,0.7,0.7,03.janv,03.sept,52,139,151,0.00,0.10,0.10,0.00,0.10,0.02,0.10,0.12,0.02,0.12
Ramadan Sobhi,eg EGY,MF FW,Stoke City,20,1997,24,12,1 238,13.août,2,0,2,2,0,0,2,0,01.févr,01.févr,1.0,02.févr,58,38,102,0.15,0.00,0.15,0.15,0.15,0.09,0.07,0.16,0.09,0.16
Dominic Solanke,eng ENG,FW,Liverpool,19,1997,21,5,596,06.juin,1,1,2,1,0,0,0,0,03.mai,03.mai,02.juin,06.janv,15,15,48,0.15,0.15,0.30,0.15,0.30,0.53,0.40,0.92,0.53,0.92
Pape Souaré,sn SEN,DF,Crystal Palace,27,1990,1,0,9,0.1,0,0,0,0,0,0,0,0,0.0,0.0,0.0,0.0,0,0,0,0.00,0.00,0.00,0.00,0.00,0.00,0.00,0.00,0.00,0.00
Julián Speroni,ar ARG,GK,Crystal Palace,38,1979,11,11,990,11.0,0,0,0,0,0,0,0,0,0.0,0.0,0.0,0.0,0,0,0,0.00,0.00,0.00,0.00,0.00,0.00,0.00,0.00,0.00,0.00
Kostas Stafylidis,gr GRE,DF MF,Stoke City,23,1993,5,4,335,03.juil,0,0,0,0,0,0,0,0,0.1,0.1,0.0,0.2,3,8,3,0.00,0.00,0.00,0.00,0.00,0.03,0.01,0.05,0.03,0.05
Junior Stanislas,eng ENG,MF FW,Bournemouth,27,1989,19,17,1 286,14.mars,5,2,7,4,1,1,1,0,03.sept,03.janv,01.sept,5.0,36,63,100,0.35,0.14,0.49,0.28,0.42,0.27,0.13,0.40,0.22,0.35
Dale Stephens,eng ENG,MF,Brighton,28,1989,36,36,3 24,36.0,0,3,3,0,0,0,6,0,01.févr,01.févr,02.mars,03.mai,31,191,13,0.00,0.08,0.08,0.00,0.08,0.03,0.06,0.10,0.03,0.10
Jack Stephens,eng ENG,DF,Southampton,23,1994,22,22,1 98,22.0,2,0,2,2,0,0,6,1,01.mars,01.mars,0.2,01.juin,24,45,14,0.09,0.00,0.09,0.09,0.09,0.06,0.01,0.07,0.06,0.07
Raheem Sterling,eng ENG,FW,Manchester City,22,1994,33,29,2 586,28.juil,18,11,29,17,1,1,5,2,16.févr,15.mars,07.mars,22.juin,116,94,410,0.63,0.38,01.janv,0.59,0.97,0.56,0.25,0.82,0.53,0.79
John Stones,eng ENG,DF,Manchester City,23,1994,18,16,1 302,14.mai,0,0,0,0,0,0,0,0,0.8,0.8,0.0,0.8,11,71,7,0.00,0.00,0.00,0.00,0.00,0.05,0.00,0.05,0.05,0.05
Daniel Sturridge,eng ENG,FW,West Brom,27,1989,6,2,118,01.mars,0,0,0,0,0,0,0,0,0.1,0.1,0.2,0.4,3,6,8,0.00,0.00,0.00,0.00,0.00,0.10,0.17,0.27,0.10,0.27
Daniel Sturridge,eng ENG,FW,Liverpool,27,1989,9,5,431,04.août,2,1,3,2,0,0,0,0,02.mars,02.mars,0.8,03.févr,11,16,53,0.42,0.21,0.63,0.42,0.63,0.49,0.17,0.66,0.49,0.66
Ki Sung-yueng,kr KOR,MF,Swansea City,28,1989,25,21,1 868,20.août,2,2,4,2,0,0,2,0,0.9,0.9,01.mai,02.avr,17,64,30,0.10,0.10,0.19,0.10,0.19,0.05,0.07,0.12,0.05,0.12
Andrew Surman,eng ENG,MF,Bournemouth,30,1986,25,20,1 856,20.juin,2,5,7,2,0,0,2,0,01.févr,01.févr,1.0,02.févr,10,134,14,0.10,0.24,0.34,0.10,0.34,0.06,0.05,0.11,0.06,0.11
Markus Suttner,at AUT,DF,Brighton,30,1987,14,13,1 179,13.janv,0,0,0,0,0,0,0,0,0.1,0.1,0.3,0.4,17,56,32,0.00,0.00,0.00,0.00,0.00,0.01,0.02,0.03,0.01,0.03
Lasse Sørensen,dk DEN,MF,Stoke City,17,1999,1,1,75,0.8,0,0,0,0,0,0,0,0,0.0,0.0,0.1,0.1,0,2,0,0.00,0.00,0.00,0.00,0.00,0.00,0.18,0.18,0.00,0.18
Alexander Sørloth,no NOR,FW,Crystal Palace,21,1995,4,4,360,4.0,0,0,0,0,0,0,0,0,0.5,0.5,0.5,1.0,13,7,24,0.00,0.00,0.00,0.00,0.00,0.13,0.12,0.25,0.13,0.25
Dušan Tadić,rs SRB,MF FW,Southampton,28,1988,36,34,2 791,31.0,6,3,9,5,1,1,4,0,05.août,5.0,05.juil,10.juil,113,167,312,0.19,0.10,0.29,0.16,0.26,0.19,0.18,0.37,0.16,0.35
Matt Targett,eng ENG,DF,Southampton,21,1995,2,2,166,01.août,0,0,0,0,0,0,0,0,0.0,0.0,0.1,0.1,2,5,6,0.00,0.00,0.00,0.00,0.00,0.00,0.06,0.06,0.00,0.06
James Tarkowski,eng ENG,DF,Burnley,24,1992,31,31,2 79,31.0,0,0,0,0,0,0,5,0,01.avr,01.avr,0.8,02.févr,5,59,8,0.00,0.00,0.00,0.00,0.00,0.05,0.03,0.07,0.05,0.07
Charlie Taylor,eng ENG,DF,Burnley,23,1993,11,10,950,10.juin,0,0,0,0,0,0,3,0,0.0,0.0,0.2,0.2,19,23,21,0.00,0.00,0.00,0.00,0.00,0.00,0.02,0.02,0.00,0.02
James Tomkins,eng ENG,DF,Crystal Palace,28,1989,28,27,2 387,26.mai,3,0,3,3,0,0,8,0,02.févr,02.févr,0.1,02.mars,6,45,3,0.11,0.00,0.11,0.11,0.11,0.08,0.00,0.09,0.08,0.09
Player,Nation,Pos,Squad,Age,Born,MP,Starts,Min,90s,Gls,Ast,G+A,G-PK,PK,PKatt,CrdY,CrdR,xG,npxG,xAG,npxG+xAG,PrgC,PrgP,PrgR,Gls,Ast,G+A,G-PK,G+A-PK,xG,xAG,xG+xAG,npxG,npxG+xAG
Cenk Tosun,tr TUR,FW,Everton,26,1991,14,12,986,11.0,5,0,5,5,0,0,0,0,02.août,02.août,01.avr,04.févr,9,9,69,0.46,0.00,0.46,0.46,0.46,0.25,0.13,0.38,0.25,0.38
Yaya Touré,ci CIV,MF,Manchester City,34,1983,10,1,236,02.juin,0,2,2,0,0,0,1,0,0.4,0.4,0.9,01.mars,20,50,4,0.00,0.76,0.76,0.00,0.76,0.14,0.35,0.49,0.14,0.49
Andros Townsend,eng ENG,FW MF,Crystal Palace,26,1991,36,35,3 12,34.7,2,7,9,2,0,0,3,0,3.0,3.0,07.févr,10.févr,161,104,249,0.06,0.20,0.26,0.06,0.26,0.09,0.21,0.30,0.09,0.30
Kieran Trippier,eng ENG,DF,Tottenham,26,1990,24,21,1 914,21.mars,0,5,5,0,0,0,1,0,0.4,0.4,04.févr,04.juin,37,114,195,0.00,0.24,0.24,0.00,0.24,0.02,0.20,0.22,0.02,0.22
Axel Tuanzebe,cd COD,FW,Manchester Utd,19,1997,1,0,1,0.0,0,0,0,0,0,0,0,0,0.0,0.0,0.0,0.0,0,0,0,0.00,0.00,0.00,0.00,0.00,0.00,0.00,0.00,0.00,0.00
Josh Tymon,eng ENG,DF,Stoke City,18,1999,3,2,163,01.août,0,0,0,0,0,0,0,0,0.0,0.0,0.0,0.0,3,6,2,0.00,0.00,0.00,0.00,0.00,0.00,0.00,0.00,0.00,0.00
Leonardo Ulloa,ar ARG,FW,Leicester City,31,1986,4,0,22,0.2,0,0,0,0,0,0,0,0,0.1,0.1,0.3,0.4,1,2,2,0.00,0.00,0.00,0.00,0.00,0.31,janv.38,janv.69,0.31,janv.69
Leonardo Ulloa,ar ARG,FW,Brighton,31,1986,10,2,267,3.0,1,0,1,1,0,0,0,0,0.7,0.7,0.2,1.0,1,15,16,0.34,0.00,0.34,0.34,0.34,0.25,0.08,0.33,0.25,0.33
Antonio Valencia,ec ECU,DF,Manchester Utd,31,1985,31,31,2 74,30.avr,3,1,4,3,0,0,7,0,0.5,0.5,01.févr,01.juil,103,84,152,0.10,0.03,0.13,0.10,0.13,0.02,0.04,0.06,0.02,0.06
Virgil van Dijk,nl NED,DF,Southampton,26,1991,12,11,994,11.0,0,0,0,0,0,0,0,0,0.9,0.9,1.0,2.0,17,42,8,0.00,0.00,0.00,0.00,0.00,0.08,0.09,0.18,0.08,0.18
Virgil van Dijk,nl NED,DF,Liverpool,26,1991,14,14,1 26,14.0,0,0,0,0,0,0,1,0,01.févr,01.févr,01.févr,02.mars,11,82,6,0.00,0.00,0.00,0.00,0.00,0.08,0.08,0.16,0.08,0.16
Jamie Vardy,eng ENG,FW,Leicester City,30,1987,37,37,3 247,36.1,20,1,21,15,5,6,3,0,16.janv,11.mars,3.0,14.mars,51,31,211,0.55,0.03,0.58,0.42,0.44,0.45,0.08,0.53,0.31,0.40
Jan Vertonghen,be BEL,DF,Tottenham,30,1987,36,36,3 203,35.6,0,0,0,0,0,0,4,0,1.0,1.0,0.8,01.juil,68,243,29,0.00,0.00,0.00,0.00,0.00,0.03,0.02,0.05,0.03,0.05
Nikola Vlašić,hr CRO,MF FW,Everton,19,1997,12,7,576,06.avr,0,0,0,0,0,0,0,0,0.3,0.3,0.8,01.janv,22,16,49,0.00,0.00,0.00,0.00,0.00,0.04,0.12,0.16,0.04,0.16
Sam Vokes,wls WAL,FW,Burnley,27,1989,30,7,998,11.janv,4,1,5,4,0,0,3,0,02.août,02.août,01.mars,04.févr,3,17,62,0.36,0.09,0.45,0.36,0.45,0.25,0.12,0.38,0.25,0.38
Michel Vorm,nl NED,GK,Tottenham,33,1983,1,1,90,1.0,0,0,0,0,0,0,0,0,0.0,0.0,0.0,0.0,0,0,0,0.00,0.00,0.00,0.00,0.00,0.00,0.00,0.00,0.00,0.00
Molla Wagué,ml MLI,DF,Watford,26,1991,6,5,438,04.sept,1,0,1,1,0,0,0,0,0.4,0.4,0.0,0.4,0,6,0,0.21,0.00,0.21,0.21,0.21,0.08,0.00,0.08,0.08,0.08
Theo Walcott,eng ENG,FW MF,Arsenal,28,1989,6,0,69,0.8,0,0,0,0,0,0,0,0,0.0,0.0,0.0,0.0,3,2,9,0.00,0.00,0.00,0.00,0.00,0.00,0.00,0.00,0.00,0.00
Theo Walcott,eng ENG,FW,Everton,28,1989,14,13,1 152,12.août,3,3,6,3,0,0,2,0,02.mai,02.mai,02.avr,04.août,35,33,99,0.23,0.23,0.47,0.23,0.47,0.19,0.18,0.38,0.19,0.38
Kyle Walker,eng ENG,DF,Manchester City,27,1990,32,32,2 784,30.sept,0,6,6,0,0,0,4,2,0.6,0.6,04.juin,05.mars,105,221,190,0.00,0.19,0.19,0.00,0.19,0.02,0.15,0.17,0.02,0.17
Kyle Walker-Peters,eng ENG,DF,Tottenham,20,1997,3,2,189,02.janv,0,2,2,0,0,0,0,0,0.0,0.0,01.févr,01.févr,8,8,21,0.00,0.95,0.95,0.00,0.95,0.00,0.59,0.59,0.00,0.59
Jonathan Walters,ie IRL,FW,Burnley,33,1983,3,0,39,0.4,0,0,0,0,0,0,0,0,0.2,0.2,0.0,0.2,0,1,6,0.00,0.00,0.00,0.00,0.00,0.44,0.00,0.44,0.44,0.44
Aaron Wan-Bissaka,cd COD,DF,Crystal Palace,19,1997,7,7,627,7.0,0,0,0,0,0,0,1,0,0.0,0.0,0.2,0.2,22,23,14,0.00,0.00,0.00,0.00,0.00,0.00,0.03,0.03,0.00,0.03
Victor Wanyama,ke KEN,MF,Tottenham,26,1991,18,8,846,09.avr,1,0,1,1,0,0,2,0,0.5,0.5,0.2,0.7,23,65,14,0.11,0.00,0.11,0.11,0.11,0.05,0.02,0.07,0.05,0.07
Joel Ward,eng ENG,DF,Crystal Palace,27,1989,19,19,1 613,17.sept,0,1,1,0,0,0,4,0,0.2,0.2,0.9,01.janv,15,79,50,0.00,0.06,0.06,0.00,0.06,0.01,0.05,0.06,0.01,0.06
Player,Nation,Pos,Squad,Age,Born,MP,Starts,Min,90s,Gls,Ast,G+A,G-PK,PK,PKatt,CrdY,CrdR,xG,npxG,xAG,npxG+xAG,PrgC,PrgP,PrgR,Gls,Ast,G+A,G-PK,G+A-PK,xG,xAG,xG+xAG,npxG,npxG+xAG
Stephen Ward,ie IRL,DF,Burnley,31,1985,28,28,2 46,27.mars,1,1,2,1,0,0,1,0,0.3,0.3,01.avr,01.août,47,87,91,0.04,0.04,0.07,0.04,0.07,0.01,0.05,0.07,0.01,0.07
James Ward-Prowse,eng ENG,FW MF,Southampton,22,1994,30,20,1 716,19.janv,3,3,6,3,0,0,3,0,02.févr,02.févr,02.août,5.0,9,66,102,0.16,0.16,0.31,0.16,0.31,0.11,0.15,0.26,0.11,0.26
Ben Watson,eng ENG,MF,Watford,32,1985,8,6,456,05.janv,0,0,0,0,0,0,1,0,0.1,0.1,0.2,0.2,1,24,5,0.00,0.00,0.00,0.00,0.00,0.01,0.04,0.05,0.01,0.05
Danny Welbeck,eng ENG,FW MF,Arsenal,26,1990,28,12,1 194,13.mars,5,2,7,5,0,0,1,0,05.mai,05.mai,01.avr,7.0,30,23,117,0.38,0.15,0.53,0.38,0.53,0.42,0.11,0.52,0.42,0.52
Nahki Wells,bm BER,FW MF,Burnley,27,1990,9,0,55,0.6,0,0,0,0,0,0,0,0,0.6,0.6,0.0,0.6,2,1,5,0.00,0.00,0.00,0.00,0.00,0.95,0.00,0.95,0.95,0.95
Ashley Westwood,eng ENG,MF,Burnley,27,1990,19,12,1 111,12.mars,0,1,1,0,0,0,2,0,0.6,0.6,1.0,01.juin,8,69,6,0.00,0.08,0.08,0.00,0.08,0.05,0.08,0.13,0.05,0.13
Dean Whitehead,eng ENG,MF,Huddersfield,35,1982,4,0,71,0.8,0,0,0,0,0,0,0,0,0.0,0.0,0.0,0.0,0,1,0,0.00,0.00,0.00,0.00,0.00,0.00,0.00,0.00,0.00,0.00
Georginio Wijnaldum,nl NED,MF,Liverpool,26,1990,33,27,2 387,26.mai,1,2,3,1,0,0,1,0,02.août,02.août,01.févr,4.0,49,116,84,0.04,0.08,0.11,0.04,0.11,0.11,0.05,0.15,0.11,0.15
Ashley Williams,wls WAL,DF,Everton,32,1984,24,20,1 834,20.avr,1,0,1,1,0,0,3,1,0.8,0.8,0.3,01.févr,2,39,1,0.05,0.00,0.05,0.05,0.05,0.04,0.02,0.06,0.04,0.06
Danny Williams,us USA,MF,Huddersfield,28,1989,20,11,1 124,12.mai,0,0,0,0,0,0,2,0,0.4,0.4,0.2,0.6,17,27,16,0.00,0.00,0.00,0.00,0.00,0.03,0.02,0.05,0.03,0.05
Willian,br BRA,MF FW,Chelsea,28,1988,36,20,1 89,21.0,6,7,13,5,1,1,1,0,05.mai,04.juil,05.mars,10.0,108,131,210,0.29,0.33,0.62,0.24,0.57,0.26,0.25,0.51,0.22,0.48
Joe Willock,eng ENG,MF,Arsenal,17,1999,2,1,82,0.9,0,0,0,0,0,0,0,0,0.1,0.1,0.0,0.1,1,1,3,0.00,0.00,0.00,0.00,0.00,0.09,0.00,0.09,0.09,0.09
Jack Wilshere,eng ENG,MF,Arsenal,25,1992,20,12,1 193,13.mars,1,3,4,1,0,0,6,0,01.janv,01.janv,02.juin,03.juil,62,108,39,0.08,0.23,0.30,0.08,0.30,0.08,0.19,0.28,0.08,0.28
Callum Wilson,eng ENG,FW,Bournemouth,25,1992,28,23,1 981,22.0,8,2,10,8,0,0,0,0,07.juin,07.juin,01.mai,09.janv,34,39,170,0.36,0.09,0.45,0.36,0.45,0.34,0.07,0.41,0.34,0.41
Kevin Wimmer,at AUT,DF,Stoke City,24,1992,17,14,1 323,14.juil,0,0,0,0,0,0,5,0,0.1,0.1,0.2,0.3,3,40,1,0.00,0.00,0.00,0.00,0.00,0.00,0.01,0.02,0.00,0.02
Harry Winks,eng ENG,MF,Tottenham,21,1996,16,9,774,08.juin,0,1,1,0,0,0,0,0,0.1,0.1,0.5,0.6,14,69,17,0.00,0.12,0.12,0.00,0.12,0.01,0.06,0.07,0.01,0.07
Chris Wood,nz NZL,FW,Burnley,25,1991,24,20,1 624,18.0,10,1,11,10,0,0,1,0,7.0,7.0,0.6,07.juin,15,16,117,0.55,0.06,0.61,0.55,0.61,0.39,0.03,0.42,0.39,0.42
Ben Woodburn,wls WAL,FW,Liverpool,17,1999,1,0,7,0.1,0,0,0,0,0,0,0,0,0.0,0.0,0.0,0.0,0,0,2,0.00,0.00,0.00,0.00,0.00,0.00,0.00,0.00,0.00,0.00
Granit Xhaka,ch SUI,MF,Arsenal,24,1992,38,37,3 26,36.2,1,7,8,1,0,0,10,0,02.avr,02.avr,03.avr,05.août,67,424,64,0.03,0.19,0.22,0.03,0.22,0.07,0.09,0.16,0.07,0.16
Claudio Yacob,ar ARG,MF,West Brom,30,1987,16,9,903,10.0,0,0,0,0,0,0,5,0,0.5,0.5,0.0,0.5,2,28,3,0.00,0.00,0.00,0.00,0.00,0.05,0.00,0.05,0.05,0.05
DeAndre Yedlin,us USA,DF,Newcastle Utd,24,1993,34,31,2 845,31.6,0,2,2,0,0,0,5,0,0.2,0.2,2.0,02.févr,44,74,128,0.00,0.06,0.06,0.00,0.06,0.00,0.06,0.07,0.00,0.07
Maya Yoshida,jp JPN,DF,Southampton,28,1988,24,23,2 051,22.août,2,0,2,2,0,0,4,1,2.0,2.0,0.4,02.avr,7,58,6,0.09,0.00,0.09,0.09,0.09,0.09,0.02,0.11,0.09,0.11
Ashley Young,eng ENG,DF,Manchester Utd,32,1985,30,28,2 442,27.janv,2,4,6,2,0,0,7,0,0.8,0.8,03.juin,04.avr,90,103,113,0.07,0.15,0.22,0.07,0.22,0.03,0.13,0.16,0.03,0.16
Pablo Zabaleta,ar ARG,DF MF,West Ham,32,1985,37,37,3 289,36.5,0,1,1,0,0,0,9,0,0.4,0.4,0.9,01.mars,26,145,95,0.00,0.03,0.03,0.00,0.03,0.01,0.03,0.04,0.01,0.04
Wilfried Zaha,ci CIV,FW MF,Crystal Palace,24,1992,29,28,2 549,28.mars,9,3,12,9,0,0,5,0,09.févr,09.févr,04.juil,13.sept,173,96,283,0.32,0.11,0.42,0.32,0.42,0.33,0.17,0.49,0.33,0.49
Player,Nation,Pos,Squad,Age,Born,MP,Starts,Min,90s,Gls,Ast,G+A,G-PK,PK,PKatt,CrdY,CrdR,xG,npxG,xAG,npxG+xAG,PrgC,PrgP,PrgR,Gls,Ast,G+A,G-PK,G+A-PK,xG,xAG,xG+xAG,npxG,npxG+xAG
Davide Zappacosta,it ITA,DF MF,Chelsea,25,1992,22,12,1 098,12.févr,1,1,2,1,0,0,0,0,01.avr,01.avr,01.mars,02.juil,64,22,124,0.08,0.08,0.16,0.08,0.16,0.11,0.11,0.22,0.11,0.22
Marvin Zeegelaar,nl NED,DF,Watford,26,1990,12,12,994,11.0,0,1,1,0,0,0,4,1,0.0,0.0,1.0,1.0,30,54,44,0.00,0.09,0.09,0.00,0.09,0.00,0.09,0.09,0.00,0.09
Oleksandr Zinchenko,ua UKR,DF,Manchester City,20,1996,8,6,532,05.sept,0,0,0,0,0,0,1,0,0.1,0.1,0.4,0.5,9,57,49,0.00,0.00,0.00,0.00,0.00,0.02,0.07,0.09,0.02,0.09
Kurt Zouma,fr FRA,DF,Stoke City,22,1994,34,32,2 888,32.1,1,0,1,1,0,0,1,0,01.mars,01.févr,0.4,01.juin,23,86,11,0.03,0.00,0.03,0.03,0.03,0.04,0.01,0.05,0.04,0.05
