player_name,age,position,nationality,transfer_fee,previous_club,market_value,transfer_year,league,season_before,season_after,before_squad,before_mp,before_starts,before_min,before_90s,before_gls,before_ast,before_g_pk,before_pk,before_crdy,before_crdr,before_gls_per_90,before_ast_per_90,before_ga_per_90,after_squad,after_mp,after_starts,after_min,after_90s,after_gls,after_ast,after_g_pk,after_pk,after_crdy,after_crdr,after_gls_per_90,after_ast_per_90,after_ga_per_90,has_before_data,has_after_data,has_both_data,change_gls,change_ast,change_mp,change_gls_per_90,change_ast_per_90,change_ga_per_90
Luis Suárez,22,Centre-Forward,Colombia,10000000.0,Watford,7500000,2020,La-Liga,2019-2020,2020-2021,Barcelona,28.0,22.0,1998.0,0.0,16.0,8.0,15.0,1.0,4.0,0.0,0.0,0.0,0.0,Atlético Madrid,32.0,30.0,2508.0,0.0,21.0,3.0,18.0,3.0,6.0,0.0,0.0,0.0,0.0,True,True,True,5.0,-5.0,4.0,0.0,0.0,0.0
Jean Lucas,23,Central Midfield,Brazil,11000000.0,Olympique Lyon,4500000,2021,Ligue-1,2020-2021,2021-2022,Lyon,8.0,1.0,172.0,0.0,0.0,0.0,0.0,0.0,1.0,0.0,0.0,0.0,0.0,Monaco,28.0,18.0,1445.0,0.0,1.0,1.0,1.0,0.0,3.0,1.0,0.0,0.0,0.0,True,True,True,1.0,1.0,20.0,0.0,0.0,0.0
Romain Faivre,23,Attacking Midfield,France,15000000.0,Stade Brestois 29,15000000,2021,Ligue-1,2020-2021,2021-2022,Brest,36.0,33.0,2891.0,32.1,6.0,5.0,5.0,1.0,0.0,0.0,0.1869158878504672,0.1557632398753894,0.3426791277258567,Lyon,14.0,9.0,889.0,0.0,3.0,0.0,3.0,0.0,0.0,0.0,0.0,0.0,0.0,True,True,True,-3.0,-5.0,-22.0,-0.1869158878504672,-0.1557632398753894,-0.3426791277258567
Gaëtan Laborde,27,Centre-Forward,France,15000000.0,Montpellier HSC,15000000,2021,Ligue-1,2020-2021,2021-2022,Montpellier,38.0,38.0,3256.0,36.2,16.0,8.0,16.0,0.0,3.0,0.0,0.4419889502762431,0.2209944751381215,0.6629834254143646,Montpellier,4.0,4.0,341.0,0.0,3.0,0.0,3.0,0.0,1.0,0.0,0.0,0.0,0.0,True,True,True,-13.0,-8.0,-34.0,-0.4419889502762431,-0.2209944751381215,-0.6629834254143646
Gaël Kakuta,30,Attacking Midfield,DR Congo,5000000.0,Amiens SC,8000000,2021,Ligue-1,2020-2021,2021-2022,Lens,35.0,30.0,2394.0,0.0,11.0,5.0,4.0,7.0,3.0,0.0,0.0,0.0,0.0,Lens,29.0,20.0,1673.0,0.0,3.0,2.0,2.0,1.0,1.0,0.0,0.0,0.0,0.0,True,True,True,-8.0,-3.0,-6.0,0.0,0.0,0.0
Andy Delort,29,Centre-Forward,Algeria,10000000.0,Montpellier HSC,16000000,2021,Ligue-1,2020-2021,2021-2022,Montpellier,30.0,30.0,2482.0,0.0,15.0,9.0,15.0,0.0,4.0,0.0,0.0,0.0,0.0,Nice,32.0,26.0,2448.0,0.0,16.0,2.0,13.0,3.0,3.0,0.0,0.0,0.0,0.0,True,True,True,1.0,-7.0,2.0,0.0,0.0,0.0
Felix Nmecha,22,Central Midfield,Germany,30000000.0,VfL Wolfsburg,15000000,2023,Bundesliga,2022-2023,2023-2024,Wolfsburg,30.0,19.0,1836.0,0.0,3.0,5.0,3.0,0.0,3.0,0.0,0.0,0.0,0.0,Dortmund,20.0,10.0,1021.0,0.0,1.0,2.0,1.0,0.0,3.0,0.0,0.0,0.0,0.0,True,True,True,-2.0,-3.0,-10.0,0.0,0.0,0.0
Marcel Sabitzer,29,Central Midfield,Austria,19000000.0,Bayern Munich,20000000,2023,Bundesliga,2022-2023,2023-2024,Bayern Munich,15.0,7.0,628.0,7.0,1.0,1.0,1.0,0.0,2.0,0.0,0.1428571428571428,0.1428571428571428,0.2857142857142857,Dortmund,25.0,23.0,1961.0,0.0,4.0,3.0,3.0,1.0,3.0,1.0,0.0,0.0,0.0,True,True,True,3.0,2.0,10.0,-0.1428571428571428,-0.1428571428571428,-0.2857142857142857
Niclas Füllkrug,30,Centre-Forward,Germany,17250000.0,SV Werder Bremen,13000000,2023,Bundesliga,2022-2023,2023-2024,Werder Bremen,28.0,28.0,2477.0,0.0,16.0,5.0,11.0,5.0,4.0,0.0,0.0,0.0,0.0,Werder Bremen,2.0,2.0,180.0,2.0,0.0,0.0,0.0,0.0,0.0,0.0,0.0,0.0,0.0,True,True,True,-16.0,-5.0,-26.0,0.0,0.0,0.0
Christoph Baumgartner,23,Attacking Midfield,Austria,25500000.0,TSG 1899 Hoffenheim,24000000,2023,Bundesliga,2022-2023,2023-2024,Hoffenheim,33.0,33.0,2567.0,0.0,7.0,3.0,7.0,0.0,7.0,0.0,0.0,0.0,0.0,RB Leipzig,32.0,11.0,1158.0,0.0,5.0,1.0,5.0,0.0,3.0,0.0,0.0,0.0,0.0,True,True,True,-2.0,-2.0,-1.0,0.0,0.0,0.0
Jonas Hofmann,30,Attacking Midfield,Germany,10000000.0,Borussia Mönchengladbach,13000000,2023,Bundesliga,2022-2023,2023-2024,Gladbach,31.0,30.0,268.0,0.0,12.0,9.0,12.0,0.0,2.0,0.0,0.0,0.0,0.0,Leverkusen,32.0,26.0,2204.0,0.0,5.0,7.0,5.0,0.0,3.0,0.0,0.0,0.0,0.0,True,True,True,-7.0,-2.0,1.0,0.0,0.0,0.0
Junior Dina Ebimbe,22,Right Midfield,France,6500000.0,Paris Saint-Germain,10000000,2023,Bundesliga,2022-2023,2023-2024,Eint Frankfurt,19.0,10.0,1063.0,0.0,3.0,1.0,3.0,0.0,4.0,0.0,0.0,0.0,0.0,Eint Frankfurt,31.0,25.0,1956.0,0.0,5.0,3.0,5.0,0.0,5.0,0.0,0.0,0.0,0.0,True,True,True,2.0,2.0,12.0,0.0,0.0,0.0
Ansgar Knauff,21,Right Winger,Germany,5000000.0,Borussia Dortmund,8000000,2023,Bundesliga,2022-2023,2023-2024,Eint Frankfurt,24.0,14.0,1286.0,0.0,1.0,1.0,1.0,0.0,1.0,0.0,0.0,0.0,0.0,Eint Frankfurt,31.0,24.0,2109.0,0.0,7.0,2.0,7.0,0.0,7.0,1.0,0.0,0.0,0.0,True,True,True,6.0,1.0,7.0,0.0,0.0,0.0
Tiago Tomás,21,Centre-Forward,Portugal,8800000.0,Sporting CP,7000000,2023,Bundesliga,2022-2023,2023-2024,Stuttgart,27.0,16.0,1291.0,0.0,3.0,3.0,3.0,0.0,2.0,0.0,0.0,0.0,0.0,Wolfsburg,26.0,11.0,1032.0,0.0,1.0,1.0,1.0,0.0,3.0,0.0,0.0,0.0,0.0,True,True,True,-2.0,-2.0,-1.0,0.0,0.0,0.0
Mergim Berisha,25,Centre-Forward,Germany,14000000.0,FC Augsburg,12000000,2023,Bundesliga,2022-2023,2023-2024,Augsburg,23.0,20.0,1679.0,0.0,9.0,4.0,6.0,3.0,9.0,1.0,0.0,0.0,0.0,Hoffenheim,6.0,0.0,144.0,0.0,0.0,0.0,0.0,0.0,0.0,0.0,0.0,0.0,0.0,True,True,True,-9.0,-4.0,-17.0,0.0,0.0,0.0
Serhou Guirassy,27,Centre-Forward,Guinea,9000000.0,Stade Rennais FC,14000000,2023,Bundesliga,2022-2023,2023-2024,Stuttgart,22.0,20.0,1646.0,0.0,11.0,0.0,9.0,2.0,4.0,1.0,0.0,0.0,0.0,Stuttgart,28.0,25.0,2208.0,0.0,28.0,3.0,24.0,4.0,0.0,0.0,0.0,0.0,0.0,True,True,True,17.0,3.0,6.0,0.0,0.0,0.0
Tanguy Ndombélé,21,Central Midfield,France,8000000.0,Amiens SC,25000000,2018,Ligue-1,2017-2018,2018-2019,Amiens,3.0,3.0,236.0,0.0,0.0,0.0,0.0,0.0,0.0,0.0,0.0,0.0,0.0,Lyon,34.0,31.0,269.0,0.0,1.0,7.0,1.0,0.0,3.0,0.0,0.0,0.0,0.0,True,True,True,1.0,7.0,31.0,0.0,0.0,0.0
Jonathan Ikoné,20,Right Winger,France,5000000.0,Paris Saint-Germain,700000,2018,Ligue-1,2017-2018,2018-2019,Montpellier,18.0,12.0,998.0,0.0,1.0,1.0,1.0,0.0,0.0,0.0,0.0,0.0,0.0,Lille,38.0,34.0,2796.0,0.0,3.0,9.0,3.0,0.0,3.0,0.0,0.0,0.0,0.0,True,True,True,2.0,8.0,20.0,0.0,0.0,0.0
Tanguy Ndombélé,21,Central Midfield,France,8000000.0,Amiens SC,25000000,2018,Ligue-1,2017-2018,2018-2019,Amiens,3.0,3.0,236.0,0.0,0.0,0.0,0.0,0.0,0.0,0.0,0.0,0.0,0.0,Lyon,34.0,31.0,269.0,0.0,1.0,7.0,1.0,0.0,3.0,0.0,0.0,0.0,0.0,True,True,True,1.0,7.0,31.0,0.0,0.0,0.0
Willem Geubbels,16,Centre-Forward,France,20000000.0,Olympique Lyon,6000000,2018,Ligue-1,2017-2018,2018-2019,Lyon,2.0,0.0,33.0,0.4,0.0,0.0,0.0,0.0,0.0,0.0,0.0,0.0,0.0,Monaco,1.0,0.0,8.0,0.1,0.0,0.0,0.0,0.0,0.0,0.0,0.0,0.0,0.0,True,True,True,0.0,0.0,-1.0,0.0,0.0,0.0
Kylian Mbappé,19,Centre-Forward,France,180000000.0,AS Monaco,120000000,2018,Ligue-1,2017-2018,2018-2019,Paris S-G,27.0,24.0,2094.0,0.0,13.0,8.0,13.0,0.0,2.0,0.0,0.0,0.0,0.0,Paris S-G,29.0,24.0,2343.0,26.0,33.0,7.0,32.0,1.0,5.0,1.0,1.2692307692307692,0.2692307692307692,1.5384615384615383,True,True,True,20.0,-1.0,2.0,1.2692307692307692,0.2692307692307692,1.5384615384615383
Jonathan Ikoné,20,Right Winger,France,5000000.0,LOSC Lille,700000,2018,Ligue-1,2017-2018,2018-2019,Montpellier,18.0,12.0,998.0,0.0,1.0,1.0,1.0,0.0,0.0,0.0,0.0,0.0,0.0,Lille,38.0,34.0,2796.0,0.0,3.0,9.0,3.0,0.0,3.0,0.0,0.0,0.0,0.0,True,True,True,2.0,8.0,20.0,0.0,0.0,0.0
Wahbi Khazri,27,Left Winger,Tunisia,7000000.0,Sunderland,10000000,2018,Ligue-1,2017-2018,2018-2019,Rennes,24.0,23.0,1918.0,0.0,9.0,2.0,6.0,3.0,8.0,1.0,0.0,0.0,0.0,Saint-Étienne,32.0,32.0,2817.0,0.0,13.0,6.0,9.0,4.0,10.0,1.0,0.0,0.0,0.0,True,True,True,4.0,4.0,8.0,0.0,0.0,0.0
Rémy Cabella,28,Attacking Midfield,France,6000000.0,Olympique Marseille,9000000,2018,Ligue-1,2017-2018,2018-2019,Marseille,3.0,0.0,64.0,0.7,1.0,0.0,1.0,0.0,0.0,0.0,1.4285714285714286,0.0,1.4285714285714286,Saint-Étienne,34.0,34.0,2997.0,33.3,8.0,4.0,7.0,1.0,5.0,1.0,0.2402402402402402,0.1201201201201201,0.3603603603603604,True,True,True,7.0,4.0,31.0,-1.1883311883311884,0.1201201201201201,-1.0682110682110681
Thorgan Hazard,26,Attacking Midfield,Belgium,25500000.0,Borussia Mönchengladbach,38000000,2019,Bundesliga,2018-2019,2019-2020,Gladbach,33.0,33.0,2873.0,31.9,10.0,11.0,7.0,3.0,1.0,0.0,0.3134796238244514,0.3448275862068966,0.658307210031348,Dortmund,33.0,28.0,238.0,0.0,7.0,13.0,7.0,0.0,3.0,0.0,0.0,0.0,0.0,True,True,True,-3.0,2.0,0.0,-0.3134796238244514,-0.3448275862068966,-0.658307210031348
Julian Brandt,23,Attacking Midfield,Germany,25000000.0,Bayer Leverkusen,50000000,2019,Bundesliga,2018-2019,2019-2020,Leverkusen,33.0,30.0,2666.0,0.0,7.0,11.0,7.0,0.0,0.0,0.0,0.0,0.0,0.0,Dortmund,33.0,25.0,2203.0,0.0,3.0,7.0,3.0,0.0,0.0,0.0,0.0,0.0,0.0,True,True,True,-4.0,-4.0,0.0,0.0,0.0,0.0
Paco Alcácer,25,Centre-Forward,Spain,21000000.0,Barcelona,37000000,2019,Bundesliga,2018-2019,2019-2020,Dortmund,26.0,11.0,1211.0,0.0,18.0,0.0,17.0,1.0,0.0,0.0,0.0,0.0,0.0,Dortmund,11.0,6.0,530.0,0.0,5.0,1.0,5.0,0.0,0.0,0.0,0.0,0.0,0.0,True,True,True,-13.0,1.0,-15.0,0.0,0.0,0.0
Kerem Demirbay,25,Central Midfield,Germany,32000000.0,TSG Hoffenheim,32000000,2019,Bundesliga,2018-2019,2019-2020,Hoffenheim,26.0,24.0,2017.0,0.0,4.0,9.0,4.0,0.0,6.0,0.0,0.0,0.0,0.0,Leverkusen,25.0,18.0,1573.0,0.0,1.0,5.0,1.0,0.0,4.0,1.0,0.0,0.0,0.0,True,True,True,-3.0,-4.0,-1.0,0.0,0.0,0.0
Nadiem Amiri,22,Central Midfield,Germany,10500000.0,TSG Hoffenheim,17000000,2019,Bundesliga,2018-2019,2019-2020,Hoffenheim,13.0,10.0,754.0,0.0,3.0,1.0,3.0,0.0,1.0,0.0,0.0,0.0,0.0,Leverkusen,30.0,22.0,1857.0,0.0,1.0,2.0,1.0,0.0,3.0,0.0,0.0,0.0,0.0,True,True,True,-2.0,1.0,17.0,0.0,0.0,0.0
Breel Embolo,22,Centre-Forward,Switzerland,11000000.0,FC Schalke 04,14000000,2019,Bundesliga,2018-2019,2019-2020,Schalke 04,20.0,15.0,1345.0,0.0,5.0,1.0,5.0,0.0,4.0,0.0,0.0,0.0,0.0,Gladbach,28.0,17.0,155.0,0.0,8.0,5.0,8.0,0.0,4.0,0.0,0.0,0.0,0.0,True,True,True,3.0,4.0,8.0,0.0,0.0,0.0
Filip Kostić,26,Left Midfield,Serbia,6300000.0,Hamburger SV,22000000,2019,Bundesliga,2018-2019,2019-2020,Eint Frankfurt,34.0,33.0,2956.0,32.8,6.0,10.0,6.0,0.0,4.0,0.0,0.1829268292682927,0.3048780487804878,0.4878048780487805,Eint Frankfurt,33.0,33.0,2958.0,32.9,4.0,11.0,4.0,0.0,4.0,0.0,0.121580547112462,0.3343465045592705,0.4559270516717325,True,True,True,-2.0,1.0,-1.0,-0.06134628215583071,0.02946845577878271,-0.031877826377048
Niclas Füllkrug,26,Centre-Forward,Germany,6500000.0,Hannover 96,8000000,2019,Bundesliga,2018-2019,2019-2020,Hannover 96,14.0,13.0,1112.0,0.0,2.0,1.0,1.0,1.0,1.0,0.0,0.0,0.0,0.0,Werder Bremen,8.0,4.0,403.0,0.0,4.0,1.0,4.0,0.0,2.0,0.0,0.0,0.0,0.0,True,True,True,2.0,0.0,-6.0,0.0,0.0,0.0
Ihlas Bebou,25,Centre-Forward,Togo,9000000.0,Hannover 96,12000000,2019,Bundesliga,2018-2019,2019-2020,Hannover 96,12.0,12.0,1066.0,0.0,4.0,3.0,3.0,1.0,1.0,0.0,0.0,0.0,0.0,Hoffenheim,32.0,20.0,2102.0,0.0,6.0,1.0,6.0,0.0,1.0,0.0,0.0,0.0,0.0,True,True,True,2.0,-2.0,20.0,0.0,0.0,0.0
Jacob Bruun Larsen,21,Left Winger,Denmark,9000000.0,Borussia Dortmund,12000000,2019,Bundesliga,2018-2019,2019-2020,Dortmund,24.0,16.0,1265.0,0.0,2.0,2.0,2.0,0.0,0.0,0.0,0.0,0.0,0.0,Hoffenheim,11.0,5.0,391.0,0.0,0.0,1.0,0.0,0.0,0.0,0.0,0.0,0.0,0.0,True,True,True,-2.0,-1.0,-13.0,0.0,0.0,0.0
Dodi Lukebakio,21,Right Winger,Belgium,20000000.0,Watford,18000000,2019,Bundesliga,2018-2019,2019-2020,Düsseldorf,31.0,22.0,1972.0,0.0,10.0,3.0,6.0,4.0,6.0,0.0,0.0,0.0,0.0,Hertha BSC,30.0,24.0,2031.0,0.0,7.0,6.0,7.0,0.0,2.0,0.0,0.0,0.0,0.0,True,True,True,-3.0,3.0,-1.0,0.0,0.0,0.0
Matheus Cunha,20,Second Striker,Brazil,18000000.0,RB Leipzig,13000000,2019,Bundesliga,2018-2019,2019-2020,RB Leipzig,25.0,9.0,853.0,0.0,2.0,0.0,2.0,0.0,1.0,0.0,0.0,0.0,0.0,Hertha BSC,11.0,9.0,744.0,0.0,5.0,0.0,5.0,0.0,3.0,0.0,0.0,0.0,0.0,True,True,True,3.0,0.0,-14.0,0.0,0.0,0.0
Edward Löwen,22,Central Midfield,Germany,7000000.0,1.FC Nuremberg,7000000,2019,Bundesliga,2018-2019,2019-2020,Nürnberg,22.0,17.0,1623.0,18.0,3.0,2.0,3.0,0.0,3.0,0.0,0.1666666666666666,0.1111111111111111,0.2777777777777778,Augsburg,16.0,7.0,671.0,0.0,2.0,1.0,2.0,0.0,0.0,0.0,0.0,0.0,0.0,True,True,True,-1.0,-1.0,-6.0,-0.1666666666666666,-0.1111111111111111,-0.2777777777777778
Vincenzo Grifo,26,Left Winger,Italy,7000000.0,TSG Hoffenheim,9000000,2019,Bundesliga,2018-2019,2019-2020,Hoffenheim,7.0,3.0,335.0,0.0,1.0,2.0,0.0,1.0,0.0,0.0,0.0,0.0,0.0,Hoffenheim,1.0,0.0,15.0,0.2,0.0,0.0,0.0,0.0,0.0,0.0,0.0,0.0,0.0,True,True,True,-1.0,-2.0,-6.0,0.0,0.0,0.0
David Kownacki,22,Centre-Forward,Poland,6750000.0,Sampdoria,7500000,2019,Bundesliga,2018-2019,2019-2020,Düsseldorf,10.0,7.0,575.0,0.0,4.0,0.0,4.0,0.0,2.0,0.0,0.0,0.0,0.0,Düsseldorf,20.0,11.0,1093.0,0.0,0.0,0.0,0.0,0.0,4.0,0.0,0.0,0.0,0.0,True,True,True,-4.0,0.0,10.0,0.0,0.0,0.0
Benito Raman,24,Centre-Forward,Belgium,10000000.0,Fortuna Düsseldorf,12000000,2019,Bundesliga,2018-2019,2019-2020,Düsseldorf,30.0,19.0,1681.0,0.0,10.0,4.0,10.0,0.0,1.0,0.0,0.0,0.0,0.0,Schalke 04,25.0,19.0,1601.0,0.0,4.0,3.0,4.0,0.0,2.0,0.0,0.0,0.0,0.0,True,True,True,-6.0,-1.0,-5.0,0.0,0.0,0.0
Michael Cuisance,20,Central Midfield,France,8000000.0,Borussia Mönchengladbach,5000000,2019,Bundesliga,2018-2019,2019-2020,Gladbach,11.0,1.0,279.0,0.0,0.0,1.0,0.0,0.0,3.0,0.0,0.0,0.0,0.0,Bayern Munich,9.0,3.0,307.0,0.0,1.0,0.0,1.0,0.0,1.0,0.0,0.0,0.0,0.0,True,True,True,1.0,-1.0,-2.0,0.0,0.0,0.0
Marcel Sabitzer,27,Central Midfield,Austria,15000000.0,RB Leipzig,42000000,2021,Bundesliga,2020-2021,2021-2022,RB Leipzig,27.0,24.0,2026.0,0.0,8.0,3.0,4.0,4.0,8.0,0.0,0.0,0.0,0.0,Bayern Munich,25.0,8.0,905.0,0.0,1.0,1.0,1.0,0.0,0.0,0.0,0.0,0.0,0.0,True,True,True,-7.0,-2.0,-2.0,0.0,0.0,0.0
Maximilian Philipp,27,Second Striker,Germany,7500000.0,Dynamo Moscow,7000000,2021,Bundesliga,2020-2021,2021-2022,Wolfsburg,24.0,13.0,1111.0,0.0,6.0,2.0,6.0,0.0,3.0,0.0,0.0,0.0,0.0,Wolfsburg,22.0,12.0,963.0,0.0,1.0,4.0,1.0,0.0,2.0,0.0,0.0,0.0,0.0,True,True,True,-5.0,2.0,-2.0,0.0,0.0,0.0
Taiwo Awoniyi,23,Centre-Forward,Nigeria,8550000.0,Liverpool,5000000,2021,Bundesliga,2020-2021,2021-2022,Union Berlin,21.0,16.0,1359.0,0.0,5.0,2.0,5.0,0.0,0.0,0.0,0.0,0.0,0.0,Union Berlin,31.0,29.0,2174.0,0.0,15.0,1.0,13.0,2.0,1.0,0.0,0.0,0.0,0.0,True,True,True,10.0,-1.0,10.0,0.0,0.0,0.0
Hannes Wolf,22,Right Winger,Austria,9500000.0,RB Leipzig,8000000,2021,Bundesliga,2020-2021,2021-2022,Gladbach,32.0,14.0,1378.0,0.0,3.0,2.0,3.0,0.0,2.0,0.0,0.0,0.0,0.0,Gladbach,7.0,2.0,307.0,0.0,0.0,0.0,0.0,0.0,2.0,0.0,0.0,0.0,0.0,True,True,True,-3.0,-2.0,-25.0,0.0,0.0,0.0
Suat Serdar,24,Central Midfield,Germany,8000000.0,FC Schalke 04,9000000,2021,Bundesliga,2020-2021,2021-2022,Schalke 04,25.0,24.0,1953.0,0.0,1.0,3.0,1.0,0.0,3.0,0.0,0.0,0.0,0.0,Hertha BSC,30.0,27.0,2218.0,0.0,3.0,0.0,3.0,0.0,6.0,0.0,0.0,0.0,0.0,True,True,True,2.0,-3.0,5.0,0.0,0.0,0.0
Marco Richter,23,Attacking Midfield,Germany,7100000.0,FC Augsburg,5000000,2021,Bundesliga,2020-2021,2021-2022,Augsburg,29.0,16.0,1416.0,0.0,3.0,1.0,3.0,0.0,4.0,1.0,0.0,0.0,0.0,Hertha BSC,30.0,19.0,1704.0,0.0,5.0,1.0,5.0,0.0,6.0,0.0,0.0,0.0,0.0,True,True,True,2.0,0.0,1.0,0.0,0.0,0.0
Thomas Delaney,26,Central Midfield,Denmark,20000000.0,Werder Bremen,12000000,2018,Bundesliga,2017-2018,2018-2019,Werder Bremen,32.0,31.0,2796.0,0.0,3.0,4.0,3.0,0.0,5.0,0.0,0.0,0.0,0.0,Dortmund,30.0,27.0,2283.0,0.0,3.0,5.0,3.0,0.0,7.0,0.0,0.0,0.0,0.0,True,True,True,0.0,1.0,-2.0,0.0,0.0,0.0
Leonardo Bittencourt,24,Central Midfield,Germany,6000000.0,1.FC Köln,6000000,2018,Bundesliga,2017-2018,2018-2019,Köln,22.0,17.0,1613.0,0.0,5.0,3.0,5.0,0.0,4.0,0.0,0.0,0.0,0.0,Hoffenheim,21.0,13.0,1069.0,0.0,1.0,3.0,1.0,0.0,1.0,0.0,0.0,0.0,0.0,True,True,True,-4.0,0.0,-1.0,0.0,0.0,0.0
Ishak Belfodil,26,Centre-Forward,Algeria,5500000.0,Standard Liège,5500000,2018,Bundesliga,2017-2018,2018-2019,Werder Bremen,26.0,13.0,135.0,15.0,4.0,1.0,4.0,0.0,1.0,0.0,0.2666666666666666,0.0666666666666666,0.3333333333333333,Hoffenheim,28.0,20.0,1863.0,0.0,16.0,3.0,16.0,0.0,3.0,0.0,0.0,0.0,0.0,True,True,True,12.0,2.0,2.0,-0.2666666666666666,-0.0666666666666666,-0.3333333333333333
Vincenzo Grifo,25,Left Winger,Italy,5500000.0,Borussia Mönchengladbach,7500000,2018,Bundesliga,2017-2018,2018-2019,Gladbach,17.0,9.0,786.0,0.0,0.0,3.0,0.0,0.0,0.0,0.0,0.0,0.0,0.0,Hoffenheim,7.0,3.0,335.0,0.0,1.0,2.0,0.0,1.0,0.0,0.0,0.0,0.0,0.0,True,True,True,1.0,-1.0,-10.0,0.0,0.0,0.0
Gonzalo Castro,31,Central Midfield,Germany,5000000.0,Borussia Dortmund,8000000,2018,Bundesliga,2017-2018,2018-2019,Dortmund,19.0,16.0,1206.0,0.0,0.0,2.0,0.0,0.0,3.0,0.0,0.0,0.0,0.0,Stuttgart,25.0,19.0,1692.0,0.0,2.0,4.0,2.0,0.0,4.0,0.0,0.0,0.0,0.0,True,True,True,2.0,2.0,6.0,0.0,0.0,0.0
Daniel Ginczek,27,Centre-Forward,Germany,10000000.0,VfB Stuttgart,3500000,2018,Bundesliga,2017-2018,2018-2019,Stuttgart,23.0,17.0,1523.0,0.0,7.0,0.0,6.0,1.0,3.0,0.0,0.0,0.0,0.0,Wolfsburg,24.0,12.0,1276.0,0.0,6.0,2.0,6.0,0.0,4.0,0.0,0.0,0.0,0.0,True,True,True,-1.0,2.0,1.0,0.0,0.0,0.0
Suat Serdar,21,Central Midfield,Germany,11000000.0,1.FSV Mainz 05,7500000,2018,Bundesliga,2017-2018,2018-2019,Mainz 05,25.0,16.0,1703.0,0.0,2.0,0.0,2.0,0.0,3.0,0.0,0.0,0.0,0.0,Schalke 04,26.0,20.0,1729.0,0.0,2.0,1.0,2.0,0.0,4.0,2.0,0.0,0.0,0.0,True,True,True,0.0,1.0,1.0,0.0,0.0,0.0
Maximilian Philipp,23,Second Striker,Germany,20000000.0,SC Freiburg,15000000,2017,Bundesliga,2016-2017,2017-2018,Freiburg,25.0,23.0,1929.0,0.0,9.0,2.0,9.0,0.0,5.0,0.0,0.0,0.0,0.0,Dortmund,20.0,15.0,1203.0,0.0,9.0,1.0,9.0,0.0,0.0,0.0,0.0,0.0,0.0,True,True,True,0.0,-1.0,-5.0,0.0,0.0,0.0
Kingsley Coman,21,Left Winger,France,21000000.0,Juventus,20000000,2017,Bundesliga,2016-2017,2017-2018,Bayern Munich,19.0,10.0,917.0,0.0,2.0,1.0,2.0,0.0,1.0,0.0,0.0,0.0,0.0,Bayern Munich,21.0,10.0,1153.0,0.0,3.0,3.0,3.0,0.0,0.0,0.0,0.0,0.0,0.0,True,True,True,1.0,2.0,2.0,0.0,0.0,0.0
Sandro Wagner,30,Centre-Forward,Germany,13000000.0,TSG Hoffenheim,9000000,2017,Bundesliga,2016-2017,2017-2018,Hoffenheim,31.0,30.0,2597.0,0.0,11.0,2.0,11.0,0.0,3.0,1.0,0.0,0.0,0.0,Hoffenheim,11.0,10.0,870.0,0.0,4.0,3.0,3.0,1.0,3.0,0.0,0.0,0.0,0.0,True,True,True,-7.0,1.0,-20.0,0.0,0.0,0.0
Jhon Córdoba,24,Centre-Forward,Colombia,17000000.0,1.FSV Mainz 05,7000000,2017,Bundesliga,2016-2017,2017-2018,Mainz 05,29.0,27.0,2345.0,0.0,5.0,3.0,5.0,0.0,8.0,1.0,0.0,0.0,0.0,Köln,18.0,9.0,957.0,0.0,0.0,2.0,0.0,0.0,1.0,0.0,0.0,0.0,0.0,True,True,True,-5.0,-1.0,-11.0,0.0,0.0,0.0
Yevgen Konoplyanka,27,Left Winger,Ukraine,12500000.0,Sevilla FC,10000000,2017,Bundesliga,2016-2017,2017-2018,Schalke 04,17.0,5.0,609.0,0.0,1.0,1.0,1.0,0.0,1.0,0.0,0.0,0.0,0.0,Schalke 04,27.0,18.0,1562.0,0.0,4.0,4.0,4.0,0.0,1.0,0.0,0.0,0.0,0.0,True,True,True,3.0,3.0,10.0,0.0,0.0,0.0
Serge Gnabry,21,Second Striker,Germany,8000000.0,SV Werder Bremen,15000000,2017,Bundesliga,2016-2017,2017-2018,Werder Bremen,27.0,23.0,1963.0,0.0,11.0,1.0,10.0,1.0,1.0,0.0,0.0,0.0,0.0,Hoffenheim,22.0,20.0,1507.0,0.0,10.0,5.0,10.0,0.0,0.0,0.0,0.0,0.0,0.0,True,True,True,-1.0,4.0,-5.0,0.0,0.0,0.0
Admir Mehmedi,26,Second Striker,Switzerland,8000000.0,Bayer Leverkusen,3500000,2017,Bundesliga,2016-2017,2017-2018,Leverkusen,22.0,16.0,1258.0,14.0,3.0,1.0,3.0,0.0,1.0,0.0,0.2142857142857142,0.0714285714285714,0.2857142857142857,Wolfsburg,5.0,3.0,290.0,0.0,1.0,0.0,1.0,0.0,0.0,0.0,0.0,0.0,0.0,True,True,True,-2.0,-1.0,-17.0,-0.2142857142857142,-0.0714285714285714,-0.2857142857142857
Michael Gregoritsch,23,Centre-Forward,Austria,5500000.0,Hamburger SV,3500000,2017,Bundesliga,2016-2017,2017-2018,Hamburger SV,30.0,14.0,1305.0,0.0,5.0,1.0,5.0,0.0,4.0,0.0,0.0,0.0,0.0,Augsburg,32.0,30.0,2527.0,0.0,13.0,3.0,12.0,1.0,3.0,0.0,0.0,0.0,0.0,True,True,True,8.0,2.0,2.0,0.0,0.0,0.0
Antoine Griezmann,32,Second Striker,France,22000000.0,Barcelona,25000000,2023,La-Liga,2022-2023,2023-2024,Atlético Madrid,38.0,31.0,2859.0,0.0,15.0,16.0,15.0,0.0,2.0,0.0,0.0,0.0,0.0,Atlético Madrid,33.0,31.0,2644.0,0.0,16.0,6.0,12.0,4.0,5.0,0.0,0.0,0.0,0.0,True,True,True,1.0,-10.0,-5.0,0.0,0.0,0.0
Sergi Darder,29,Central Midfield,Spain,8000000.0,Espanyol,16000000,2023,La-Liga,2022-2023,2023-2024,Espanyol,38.0,38.0,332.0,36.9,6.0,3.0,6.0,0.0,4.0,0.0,0.1626016260162601,0.08130081300813,0.2439024390243902,Mallorca,36.0,21.0,2157.0,24.0,2.0,5.0,2.0,0.0,4.0,0.0,0.0833333333333333,0.2083333333333333,0.2916666666666667,True,True,True,-4.0,2.0,-2.0,-0.0792682926829268,0.1270325203252033,0.047764227642276474
Cycle Larin,28,Centre-Forward,Canada,7500000.0,Real Valladolid,8000000,2023,La-Liga,2022-2023,2023-2024,Valladolid,19.0,16.0,1469.0,0.0,8.0,3.0,6.0,2.0,4.0,0.0,0.0,0.0,0.0,Mallorca,35.0,20.0,1823.0,0.0,3.0,2.0,3.0,0.0,8.0,0.0,0.0,0.0,0.0,True,True,True,-5.0,-1.0,16.0,0.0,0.0,0.0
Raúl García,22,Centre-Forward,Spain,6500000.0,Real Betis,4000000,2023,La-Liga,2022-2023,2023-2024,Athletic Club,35.0,6.0,967.0,0.0,2.0,3.0,2.0,0.0,4.0,0.0,0.0,0.0,0.0,Athletic Club,20.0,1.0,420.0,0.0,1.0,0.0,1.0,0.0,3.0,0.0,0.0,0.0,0.0,True,True,True,-1.0,-3.0,-15.0,0.0,0.0,0.0
Sergio Arribas,21,Attacking Midfield,Spain,6000000.0,RM Castilla,5000000,2023,La-Liga,2022-2023,2023-2024,Real Madrid,2.0,0.0,19.0,0.2,0.0,0.0,0.0,0.0,0.0,0.0,0.0,0.0,0.0,Almería,34.0,22.0,2047.0,0.0,9.0,4.0,9.0,0.0,1.0,0.0,0.0,0.0,0.0,True,True,True,9.0,4.0,32.0,0.0,0.0,0.0
Yangel Herrera,25,Central Midfield,Venezuela,5000000.0,Man City,5000000,2023,La-Liga,2022-2023,2023-2024,Girona,20.0,12.0,963.0,0.0,2.0,2.0,2.0,0.0,4.0,0.0,0.0,0.0,0.0,Girona,29.0,27.0,2107.0,0.0,5.0,0.0,5.0,0.0,9.0,0.0,0.0,0.0,0.0,True,True,True,3.0,-2.0,9.0,0.0,0.0,0.0
Sergio Camello,22,Centre-Forward,Spain,5000000.0,Atlético,10000000,2023,La-Liga,2022-2023,2023-2024,Rayo Vallecano,38.0,27.0,2401.0,0.0,6.0,5.0,6.0,0.0,1.0,0.0,0.0,0.0,0.0,Rayo Vallecano,31.0,20.0,1661.0,0.0,3.0,1.0,3.0,0.0,3.0,0.0,0.0,0.0,0.0,True,True,True,-3.0,-4.0,-7.0,0.0,0.0,0.0
Martin Ødegaard,22,Attacking Midfield,Norway,35000000.0,Real Madrid,40000000,2021,Premier-League,2020-2021,2021-2022,Arsenal,14.0,9.0,866.0,0.0,1.0,2.0,1.0,0.0,0.0,0.0,0.0,0.0,0.0,Arsenal,36.0,32.0,2785.0,0.0,7.0,4.0,7.0,0.0,4.0,0.0,0.0,0.0,0.0,True,True,True,6.0,2.0,22.0,0.0,0.0,0.0
Danny Ings,29,Centre-Forward,England,29400000.0,Southampton,22000000,2021,Premier-League,2020-2021,2021-2022,Southampton,29.0,26.0,2173.0,0.0,12.0,4.0,10.0,2.0,1.0,0.0,0.0,0.0,0.0,Aston Villa,30.0,22.0,1898.0,0.0,7.0,6.0,6.0,1.0,4.0,0.0,0.0,0.0,0.0,True,True,True,-5.0,2.0,1.0,0.0,0.0,0.0
Jean-Philippe Mateta,24,Centre-Forward,France,11000000.0,Mainz,5000000,2021,Premier-League,2020-2021,2021-2022,Crystal Palace,7.0,2.0,221.0,0.0,1.0,0.0,1.0,0.0,0.0,0.0,0.0,0.0,0.0,Crystal Palace,22.0,13.0,1145.0,0.0,5.0,1.0,5.0,0.0,2.0,0.0,0.0,0.0,0.0,True,True,True,4.0,1.0,15.0,0.0,0.0,0.0
Joe Willock,21,Central Midfield,England,29400000.0,Arsenal,16000000,2021,Premier-League,2020-2021,2021-2022,Arsenal,7.0,2.0,238.0,0.0,0.0,0.0,0.0,0.0,1.0,0.0,0.0,0.0,0.0,Newcastle Utd,29.0,24.0,2038.0,0.0,2.0,0.0,2.0,0.0,0.0,0.0,0.0,0.0,0.0,True,True,True,2.0,0.0,22.0,0.0,0.0,0.0
Gerard Moreno,26,Centre-Forward,Spain,20000000.0,Espanyol,20000000,2018,La-Liga,2017-2018,2018-2019,Espanyol,38.0,38.0,3412.0,37.9,16.0,1.0,15.0,1.0,4.0,0.0,0.4221635883905013,0.0263852242744063,0.4485488126649076,Villarreal,35.0,25.0,2315.0,0.0,8.0,1.0,8.0,0.0,3.0,0.0,0.0,0.0,0.0,True,True,True,-8.0,0.0,-3.0,-0.4221635883905013,-0.0263852242744063,-0.4485488126649076
Nemanja Maksimovic,23,Central Midfield,Serbia,10000000.0,Valencia,5000000,2018,La-Liga,2017-2018,2018-2019,Valencia,15.0,6.0,557.0,0.0,0.0,0.0,0.0,0.0,1.0,0.0,0.0,0.0,0.0,Getafe,36.0,36.0,3209.0,35.7,1.0,0.0,1.0,0.0,4.0,0.0,0.0280112044817927,0.0,0.0280112044817927,True,True,True,1.0,0.0,21.0,0.0280112044817927,0.0,0.0280112044817927
Youssef En-Nesyri,21,Centre-Forward,Morocco,6000000.0,Málaga CF,6000000,2018,La-Liga,2017-2018,2018-2019,Málaga,25.0,16.0,1596.0,0.0,4.0,0.0,4.0,0.0,2.0,1.0,0.0,0.0,0.0,Leganés,31.0,22.0,2106.0,0.0,9.0,2.0,9.0,0.0,7.0,0.0,0.0,0.0,0.0,True,True,True,5.0,2.0,6.0,0.0,0.0,0.0
Sergi Darder,24,Central Midfield,Spain,8000000.0,Lyon,11000000,2018,La-Liga,2017-2018,2018-2019,Espanyol,35.0,32.0,2782.0,0.0,1.0,2.0,1.0,0.0,7.0,0.0,0.0,0.0,0.0,Espanyol,34.0,32.0,2709.0,0.0,4.0,2.0,4.0,0.0,8.0,1.0,0.0,0.0,0.0,True,True,True,3.0,0.0,-1.0,0.0,0.0,0.0
Roger Martínez,24,Centre-Forward,Colombia,14900000.0,JS Suning,2500000,2018,La-Liga,2017-2018,2018-2019,Villarreal,8.0,2.0,230.0,0.0,1.0,0.0,1.0,0.0,1.0,0.0,0.0,0.0,0.0,Levante,31.0,23.0,1887.0,21.0,13.0,0.0,11.0,2.0,5.0,0.0,0.6190476190476191,0.0,0.6190476190476191,True,True,True,12.0,0.0,23.0,0.6190476190476191,0.0,0.6190476190476191
Rafa Mir,24,Centre-Forward,Spain,16000000.0,Wolves,12000000,2021,La-Liga,2020-2021,2021-2022,Huesca,38.0,32.0,2877.0,32.0,13.0,1.0,11.0,2.0,2.0,0.0,0.40625,0.03125,0.4375,Sevilla,34.0,18.0,1808.0,0.0,10.0,0.0,10.0,0.0,6.0,0.0,0.0,0.0,0.0,True,True,True,-3.0,-1.0,-4.0,-0.40625,-0.03125,-0.4375
Marcos André,24,Centre-Forward,Brazil,8500000.0,Real Valladolid,3500000,2021,La-Liga,2020-2021,2021-2022,Valladolid,23.0,11.0,1177.0,0.0,4.0,1.0,4.0,0.0,3.0,0.0,0.0,0.0,0.0,Valencia,29.0,8.0,973.0,0.0,1.0,3.0,1.0,0.0,3.0,0.0,0.0,0.0,0.0,True,True,True,-3.0,2.0,6.0,0.0,0.0,0.0
Ante Budimir,29,Centre-Forward,Croatia,8000000.0,RCD Mallorca,9000000,2021,La-Liga,2020-2021,2021-2022,Osasuna,30.0,18.0,1625.0,0.0,11.0,0.0,11.0,0.0,3.0,0.0,0.0,0.0,0.0,Osasuna,28.0,20.0,1738.0,0.0,8.0,2.0,6.0,2.0,3.0,0.0,0.0,0.0,0.0,True,True,True,-3.0,2.0,-2.0,0.0,0.0,0.0
Carles Aleñá,23,Central Midfield,Spain,5000000.0,Barcelona,15000000,2021,La-Liga,2020-2021,2021-2022,Barcelona,2.0,0.0,48.0,0.5,0.0,0.0,0.0,0.0,1.0,0.0,0.0,0.0,0.0,Getafe,33.0,30.0,232.0,0.0,1.0,2.0,1.0,0.0,6.0,1.0,0.0,0.0,0.0,True,True,True,1.0,2.0,31.0,0.0,0.0,0.0
Antoine Griezmann,28,Second Striker,France,120000000.0,Atlético,130000000,2019,La-Liga,2018-2019,2019-2020,Atlético Madrid,37.0,37.0,3198.0,35.5,15.0,8.0,12.0,3.0,5.0,0.0,0.4225352112676056,0.2253521126760563,0.647887323943662,Barcelona,35.0,31.0,2549.0,0.0,9.0,4.0,9.0,0.0,2.0,0.0,0.0,0.0,0.0,True,True,True,-6.0,-4.0,-2.0,-0.4225352112676056,-0.2253521126760563,-0.647887323943662
Martin Braithwaite,28,Centre-Forward,Denmark,18000000.0,CD Leganés,10000000,2019,La-Liga,2018-2019,2019-2020,Leganés,19.0,16.0,1402.0,0.0,4.0,5.0,4.0,0.0,5.0,0.0,0.0,0.0,0.0,Barcelona,11.0,4.0,407.0,0.0,1.0,0.0,1.0,0.0,1.0,0.0,0.0,0.0,0.0,True,True,True,-3.0,-5.0,-8.0,0.0,0.0,0.0
Raúl de Tomás,25,Centre-Forward,Spain,22500000.0,Benfica,15000000,2019,La-Liga,2018-2019,2019-2020,Rayo Vallecano,33.0,32.0,2813.0,0.0,14.0,1.0,14.0,0.0,5.0,0.0,0.0,0.0,0.0,Espanyol,14.0,11.0,1075.0,0.0,4.0,0.0,3.0,1.0,5.0,0.0,0.0,0.0,0.0,True,True,True,-10.0,-1.0,-19.0,0.0,0.0,0.0
Borja Iglesias,26,Centre-Forward,Spain,28000000.0,Espanyol,28000000,2019,La-Liga,2018-2019,2019-2020,Espanyol,37.0,35.0,3075.0,34.2,17.0,3.0,14.0,3.0,5.0,0.0,0.4970760233918128,0.087719298245614,0.5847953216374269,Betis,35.0,21.0,1922.0,0.0,3.0,2.0,3.0,0.0,3.0,1.0,0.0,0.0,0.0,True,True,True,-14.0,-1.0,-2.0,-0.4970760233918128,-0.087719298245614,-0.5847953216374269
Denis Suárez,25,Attacking Midfield,Spain,12900000.0,Barcelona,12000000,2019,La-Liga,2018-2019,2019-2020,Barcelona,2.0,0.0,19.0,0.2,0.0,0.0,0.0,0.0,0.0,0.0,0.0,0.0,0.0,Celta Vigo,26.0,20.0,163.0,0.0,1.0,5.0,1.0,0.0,2.0,0.0,0.0,0.0,0.0,True,True,True,1.0,5.0,24.0,0.0,0.0,0.0
Amine Gouiri,22,Centre-Forward,Algeria,28000000.0,OGC Nice,42000000,2022,Ligue-1,2021-2022,2022-2023,Nice,38.0,32.0,2754.0,0.0,10.0,9.0,7.0,3.0,3.0,0.0,0.0,0.0,0.0,Nice,3.0,3.0,226.0,0.0,0.0,0.0,0.0,0.0,0.0,0.0,0.0,0.0,0.0,True,True,True,-10.0,-9.0,-35.0,0.0,0.0,0.0
Arnaud Kalimuendo,20,Centre-Forward,France,20000000.0,Paris Saint-Germain,18000000,2022,Ligue-1,2021-2022,2022-2023,Lens,32.0,27.0,2148.0,0.0,12.0,0.0,10.0,2.0,1.0,1.0,0.0,0.0,0.0,Rennes,30.0,24.0,1849.0,0.0,7.0,3.0,7.0,0.0,0.0,0.0,0.0,0.0,0.0,True,True,True,-5.0,3.0,-2.0,0.0,0.0,0.0
Sofiane Diop,22,Left Winger,Morocco,22000000.0,AS Monaco,20000000,2022,Ligue-1,2021-2022,2022-2023,Monaco,30.0,24.0,1948.0,0.0,6.0,4.0,6.0,0.0,6.0,0.0,0.0,0.0,0.0,Nice,22.0,14.0,1228.0,0.0,1.0,4.0,1.0,0.0,1.0,0.0,0.0,0.0,0.0,True,True,True,-5.0,0.0,-8.0,0.0,0.0,0.0
Gaëtan Laborde,28,Centre-Forward,France,15000000.0,Stade Rennais FC,18000000,2022,Ligue-1,2021-2022,2022-2023,Montpellier,4.0,4.0,341.0,0.0,3.0,0.0,3.0,0.0,1.0,0.0,0.0,0.0,0.0,Nice,33.0,28.0,2506.0,0.0,13.0,3.0,13.0,0.0,0.0,0.0,0.0,0.0,0.0,True,True,True,10.0,3.0,29.0,0.0,0.0,0.0
Bamba Dieng,22,Centre-Forward,Senegal,7000000.0,Olympique Marseille,8000000,2022,Ligue-1,2021-2022,2022-2023,Marseille,25.0,11.0,975.0,0.0,7.0,1.0,6.0,1.0,0.0,1.0,0.0,0.0,0.0,Marseille,10.0,1.0,194.0,0.0,1.0,0.0,1.0,0.0,1.0,0.0,0.0,0.0,0.0,True,True,True,-6.0,-1.0,-15.0,0.0,0.0,0.0
Junior Messias,31,Right Winger,Brazil,6200000.0,Crotone,6000000,2022,Serie-A,2021-2022,2022-2023,Milan,26.0,14.0,1428.0,0.0,5.0,2.0,5.0,0.0,2.0,0.0,0.0,0.0,0.0,Milan,25.0,19.0,1498.0,0.0,5.0,2.0,5.0,0.0,3.0,0.0,0.0,0.0,0.0,True,True,True,0.0,0.0,-1.0,0.0,0.0,0.0
Joaquín Correa,27,Second Striker,Argentina,27300000.0,Lazio,23000000,2022,Serie-A,2021-2022,2022-2023,Inter,26.0,12.0,1025.0,0.0,6.0,1.0,6.0,0.0,2.0,0.0,0.0,0.0,0.0,Inter,26.0,12.0,950.0,0.0,3.0,1.0,3.0,0.0,1.0,0.0,0.0,0.0,0.0,True,True,True,-3.0,0.0,0.0,0.0,0.0,0.0
Federico Chiesa,24,Right Winger,Italy,44600000.0,Fiorentina,65000000,2022,Serie-A,2021-2022,2022-2023,Juventus,14.0,11.0,863.0,0.0,2.0,2.0,2.0,0.0,0.0,0.0,0.0,0.0,0.0,Juventus,21.0,6.0,852.0,0.0,2.0,5.0,2.0,0.0,2.0,0.0,0.0,0.0,0.0,True,True,True,0.0,3.0,7.0,0.0,0.0,0.0
Mattia Zaccagni,27,Left Winger,Italy,7100000.0,Hellas Verona,18000000,2022,Serie-A,2021-2022,2022-2023,Hellas Verona,2.0,2.0,180.0,2.0,2.0,0.0,1.0,1.0,0.0,0.0,1.0,0.0,1.0,Lazio,35.0,33.0,277.0,0.0,10.0,6.0,9.0,1.0,9.0,0.0,0.0,0.0,0.0,True,True,True,8.0,6.0,33.0,-1.0,0.0,-1.0
Antonín Barák,28,Attacking Midfield,Czech Republic,7860000.0,Hellas Verona,12000000,2022,Serie-A,2021-2022,2022-2023,Hellas Verona,29.0,27.0,234.0,26.0,11.0,4.0,7.0,4.0,4.0,0.0,0.4230769230769231,0.1538461538461538,0.5769230769230769,Hellas Verona,1.0,0.0,25.0,0.3,0.0,0.0,0.0,0.0,0.0,0.0,0.0,0.0,0.0,True,True,True,-11.0,-4.0,-28.0,-0.4230769230769231,-0.1538461538461538,-0.5769230769230769
Éderson,22,Central Midfield,Brazil,22900000.0,Salernitana,13000000,2022,Serie-A,2021-2022,2022-2023,Salernitana,15.0,13.0,1147.0,0.0,2.0,1.0,2.0,0.0,5.0,0.0,0.0,0.0,0.0,Atalanta,35.0,25.0,2215.0,0.0,1.0,1.0,1.0,0.0,4.0,0.0,0.0,0.0,0.0,True,True,True,-1.0,0.0,20.0,0.0,0.0,0.0
Jérémie Boga,25,Left Winger,Ivory Coast,22000000.0,Sassuolo,19000000,2022,Serie-A,2021-2022,2022-2023,Atalanta,15.0,7.0,764.0,0.0,0.0,0.0,0.0,0.0,0.0,0.0,0.0,0.0,0.0,Atalanta,23.0,5.0,782.0,0.0,2.0,5.0,2.0,0.0,0.0,0.0,0.0,0.0,0.0,True,True,True,2.0,5.0,8.0,0.0,0.0,0.0
Giovanni Simeone,26,Centre-Forward,Argentina,10500000.0,Cagliari,17000000,2022,Serie-A,2021-2022,2022-2023,Hellas Verona,35.0,32.0,2653.0,0.0,17.0,5.0,17.0,0.0,8.0,0.0,0.0,0.0,0.0,Napoli,25.0,1.0,406.0,0.0,4.0,1.0,4.0,0.0,1.0,0.0,0.0,0.0,0.0,True,True,True,-13.0,-4.0,-10.0,0.0,0.0,0.0
Thomas Henry,27,Centre-Forward,France,5230000.0,Venice,5000000,2022,Serie-A,2021-2022,2022-2023,Venezia,33.0,23.0,2115.0,0.0,9.0,2.0,9.0,0.0,6.0,1.0,0.0,0.0,0.0,Hellas Verona,16.0,13.0,103.0,0.0,2.0,0.0,2.0,0.0,4.0,0.0,0.0,0.0,0.0,True,True,True,-7.0,-2.0,-17.0,0.0,0.0,0.0
Gianluca Caprari,28,Second Striker,Italy,5000000.0,Sampdoria,10000000,2022,Serie-A,2021-2022,2022-2023,Hellas Verona,35.0,33.0,2739.0,0.0,12.0,7.0,10.0,2.0,4.0,0.0,0.0,0.0,0.0,Monza,37.0,32.0,2441.0,0.0,5.0,2.0,4.0,1.0,7.0,0.0,0.0,0.0,0.0,True,True,True,-7.0,-5.0,2.0,0.0,0.0,0.0
Matheus Henrique,24,Central Midfield,Brazil,7000000.0,Grêmio,11000000,2022,Serie-A,2021-2022,2022-2023,Sassuolo,25.0,10.0,1078.0,12.0,0.0,1.0,0.0,0.0,3.0,0.0,0.0,0.0833333333333333,0.0833333333333333,Sassuolo,30.0,21.0,1947.0,0.0,4.0,1.0,4.0,0.0,4.0,0.0,0.0,0.0,0.0,True,True,True,4.0,0.0,5.0,0.0,-0.0833333333333333,-0.0833333333333333
Janis Antiste,20,Centre-Forward,France,5680000.0,Spezia Calcio,4000000,2022,Serie-A,2021-2022,2022-2023,Spezia,18.0,9.0,796.0,0.0,1.0,0.0,1.0,0.0,0.0,0.0,0.0,0.0,0.0,Sassuolo,2.0,0.0,52.0,0.6,1.0,0.0,1.0,0.0,0.0,0.0,1.6666666666666667,0.0,1.6666666666666667,True,True,True,0.0,0.0,-16.0,1.6666666666666667,0.0,1.6666666666666667
Beto,24,Centre-Forward,Portugal,15000000.0,Portimonense,10000000,2022,Serie-A,2021-2022,2022-2023,Udinese,28.0,24.0,2173.0,0.0,11.0,0.0,11.0,0.0,1.0,0.0,0.0,0.0,0.0,Udinese,33.0,23.0,2129.0,0.0,10.0,1.0,9.0,1.0,2.0,0.0,0.0,0.0,0.0,True,True,True,-1.0,1.0,5.0,0.0,0.0,0.0
Federico Bonazzoli,25,Centre-Forward,Italy,5000000.0,Sampdoria,5000000,2022,Serie-A,2021-2022,2022-2023,Salernitana,32.0,19.0,1866.0,0.0,10.0,0.0,8.0,2.0,6.0,0.0,0.0,0.0,0.0,Salernitana,24.0,12.0,1119.0,0.0,2.0,1.0,2.0,0.0,1.0,0.0,0.0,0.0,0.0,True,True,True,-8.0,1.0,-8.0,0.0,0.0,0.0
Felix Afena-Gyan,19,Left Winger,Ghana,6000000.0,Roma,6000000,2022,Serie-A,2021-2022,2022-2023,Roma,17.0,6.0,668.0,0.0,2.0,0.0,2.0,0.0,5.0,1.0,0.0,0.0,0.0,Cremonese,23.0,7.0,817.0,0.0,0.0,0.0,0.0,0.0,4.0,0.0,0.0,0.0,0.0,True,True,True,-2.0,0.0,6.0,0.0,0.0,0.0
Kai Havertz,24,Centre-Forward,Germany,75000000.0,Chelsea FC,55000000,2023,Premier-League,2022-2023,2023-2024,Chelsea,35.0,30.0,2569.0,0.0,7.0,1.0,6.0,1.0,5.0,0.0,0.0,0.0,0.0,Arsenal,37.0,30.0,2634.0,0.0,13.0,7.0,12.0,1.0,11.0,0.0,0.0,0.0,0.0,True,True,True,6.0,6.0,2.0,0.0,0.0,0.0
Alexis Mac Allister,24,Central Midfield,Italy,42000000.0,Brighton & Hove Albion,65000000,2023,Premier-League,2022-2023,2023-2024,Brighton,35.0,31.0,2886.0,32.1,10.0,2.0,4.0,6.0,8.0,0.0,0.3115264797507788,0.0623052959501557,0.3738317757009345,Liverpool,33.0,31.0,2599.0,0.0,5.0,5.0,4.0,1.0,7.0,1.0,0.0,0.0,0.0,True,True,True,-5.0,3.0,-2.0,-0.3115264797507788,-0.0623052959501557,-0.3738317757009345
Cole Palmer,21,Attacking Midfield,St. Kitts & Nevis,47000000.0,Manchester City,18000000,2023,Premier-League,2022-2023,2023-2024,Manchester City,14.0,2.0,370.0,0.0,0.0,1.0,0.0,0.0,1.0,0.0,0.0,0.0,0.0,Chelsea,33.0,29.0,2607.0,29.0,22.0,11.0,13.0,9.0,7.0,0.0,0.7586206896551724,0.3793103448275862,1.137931034482759,True,True,True,22.0,10.0,19.0,0.7586206896551724,0.3793103448275862,1.137931034482759
Mason Mount,24,Attacking Midfield,England,67700000.0,Arsenal FC,60000000,2023,Premier-League,2022-2023,2023-2024,Chelsea,24.0,20.0,1648.0,0.0,3.0,2.0,3.0,0.0,4.0,0.0,0.0,0.0,0.0,Manchester Utd,14.0,5.0,516.0,0.0,1.0,0.0,1.0,0.0,2.0,0.0,0.0,0.0,0.0,True,True,True,-2.0,-2.0,-10.0,0.0,0.0,0.0
Mateo Kovacic,29,Central Midfield,Croatia,29100000.0,Manchester City,38000000,2023,Premier-League,2022-2023,2023-2024,Chelsea,27.0,17.0,1707.0,19.0,1.0,2.0,1.0,0.0,8.0,0.0,0.0526315789473684,0.1052631578947368,0.1578947368421052,Manchester City,30.0,16.0,1551.0,0.0,1.0,0.0,1.0,0.0,4.0,0.0,0.0,0.0,0.0,True,True,True,0.0,-2.0,3.0,-0.0526315789473684,-0.1052631578947368,-0.1578947368421052
James Maddison,26,Attacking Midfield,England,46300000.0,Leicester City,60000000,2023,Premier-League,2022-2023,2023-2024,Leicester City,30.0,28.0,248.0,0.0,10.0,9.0,9.0,1.0,10.0,0.0,0.0,0.0,0.0,Tottenham,28.0,26.0,2135.0,0.0,4.0,9.0,4.0,0.0,5.0,0.0,0.0,0.0,0.0,True,True,True,-6.0,0.0,-2.0,0.0,0.0,0.0
Dejan Kulusevski,23,Attacking Midfield,North Macedonia,30000000.0,Juventus FC,50000000,2023,Premier-League,2022-2023,2023-2024,Tottenham,30.0,23.0,2067.0,23.0,2.0,7.0,2.0,0.0,2.0,0.0,0.0869565217391304,0.3043478260869565,0.391304347826087,Tottenham,36.0,31.0,2762.0,0.0,8.0,3.0,8.0,0.0,7.0,0.0,0.0,0.0,0.0,True,True,True,6.0,-4.0,6.0,-0.0869565217391304,-0.3043478260869565,-0.391304347826087
Matheus Cunha,24,Second Striker,Brazil,50000000.0,Atlético de Madrid,25000000,2023,Premier-League,2022-2023,2023-2024,Wolves,17.0,12.0,965.0,0.0,2.0,0.0,2.0,0.0,1.0,0.0,0.0,0.0,0.0,Wolves,32.0,29.0,244.0,0.0,12.0,7.0,11.0,1.0,9.0,0.0,0.0,0.0,0.0,True,True,True,10.0,7.0,15.0,0.0,0.0,0.0
Raúl Jiménez,28,Centre-Forward,Mexico,38000000.0,Benfica,35000000,2019,Premier-League,2018-2019,2019-2020,Wolves,38.0,36.0,3111.0,34.6,13.0,7.0,11.0,2.0,4.0,0.0,0.3757225433526011,0.2023121387283236,0.5780346820809248,Wolves,38.0,37.0,3236.0,36.0,17.0,6.0,13.0,4.0,3.0,0.0,0.4722222222222222,0.1666666666666666,0.6388888888888888,True,True,True,4.0,-1.0,0.0,0.09649967886962113,-0.035645472061656996,0.06085420680796405
André Gomes,25,Central Midfield,Portugal,25000000.0,Barcelona,28000000,2019,Premier-League,2018-2019,2019-2020,Everton,27.0,24.0,198.0,22.0,1.0,1.0,1.0,0.0,7.0,0.0,0.0454545454545454,0.0454545454545454,0.0909090909090909,Everton,19.0,17.0,1458.0,0.0,0.0,1.0,0.0,0.0,6.0,0.0,0.0,0.0,0.0,True,True,True,-1.0,0.0,-8.0,-0.0454545454545454,-0.0454545454545454,-0.0909090909090909
Youri Tielemans,22,Central Midfield,Belgium,45000000.0,Monaco,38000000,2019,Premier-League,2018-2019,2019-2020,Leicester City,13.0,13.0,1086.0,0.0,3.0,4.0,3.0,0.0,2.0,0.0,0.0,0.0,0.0,Leicester City,37.0,32.0,2828.0,31.4,3.0,6.0,3.0,0.0,2.0,0.0,0.0955414012738853,0.1910828025477707,0.286624203821656,True,True,True,0.0,2.0,24.0,0.0955414012738853,0.1910828025477707,0.286624203821656
Ayoze Pérez,25,Centre-Forward,Spain,33400000.0,Newcastle,20000000,2019,Premier-League,2018-2019,2019-2020,Newcastle Utd,37.0,34.0,2917.0,32.4,12.0,2.0,12.0,0.0,2.0,0.0,0.3703703703703704,0.0617283950617284,0.4320987654320988,Leicester City,33.0,26.0,2004.0,0.0,8.0,4.0,7.0,1.0,0.0,0.0,0.0,0.0,0.0,True,True,True,-4.0,2.0,-4.0,-0.3703703703703704,-0.0617283950617284,-0.4320987654320988
Philip Billing,23,Central Midfield,Denmark,16500000.0,Huddersfield,7000000,2019,Premier-League,2018-2019,2019-2020,Huddersfield,27.0,25.0,2188.0,0.0,2.0,0.0,2.0,0.0,7.0,0.0,0.0,0.0,0.0,Bournemouth,34.0,29.0,253.0,0.0,1.0,1.0,1.0,0.0,8.0,0.0,0.0,0.0,0.0,True,True,True,-1.0,1.0,7.0,0.0,0.0,0.0
Danny Ings,26,Centre-Forward,England,25100000.0,Liverpool,15000000,2019,Premier-League,2018-2019,2019-2020,Southampton,24.0,23.0,1651.0,0.0,7.0,3.0,4.0,3.0,1.0,0.0,0.0,0.0,0.0,Southampton,38.0,32.0,2804.0,31.2,22.0,2.0,21.0,1.0,3.0,0.0,0.7051282051282052,0.0641025641025641,0.7692307692307693,True,True,True,15.0,-1.0,14.0,0.7051282051282052,0.0641025641025641,0.7692307692307693
Lys Mousset,23,Centre-Forward,France,11100000.0,Bournemouth,3500000,2019,Premier-League,2018-2019,2019-2020,Bournemouth,24.0,1.0,368.0,0.0,1.0,0.0,1.0,0.0,1.0,0.0,0.0,0.0,0.0,Sheffield Utd,30.0,11.0,124.0,0.0,6.0,4.0,6.0,0.0,1.0,0.0,0.0,0.0,0.0,True,True,True,5.0,4.0,6.0,0.0,0.0,0.0
Serhou Guirassy,23,Centre-Forward,Guinea,6000000.0,1.FC Köln,3500000,2019,Ligue-1,2018-2019,2019-2020,Amiens,13.0,13.0,1111.0,0.0,3.0,1.0,3.0,0.0,0.0,1.0,0.0,0.0,0.0,Amiens,23.0,23.0,1921.0,0.0,9.0,2.0,6.0,3.0,6.0,0.0,0.0,0.0,0.0,True,True,True,6.0,1.0,10.0,0.0,0.0,0.0
Timothy Weah,19,Right Winger,United States,10000000.0,Paris Saint-Germain,6000000,2019,Ligue-1,2018-2019,2019-2020,Paris S-G,2.0,1.0,54.0,0.6,1.0,0.0,1.0,0.0,1.0,0.0,1.6666666666666667,0.0,1.6666666666666667,Lille,3.0,1.0,85.0,0.9,0.0,0.0,0.0,0.0,1.0,0.0,0.0,0.0,0.0,True,True,True,-1.0,0.0,1.0,-1.6666666666666667,0.0,-1.6666666666666667
Jeff Reine-Adélaïde,21,Attacking Midfield,France,25000000.0,Angers SCO,11000000,2019,Ligue-1,2018-2019,2019-2020,Angers,35.0,29.0,2556.0,0.0,3.0,3.0,3.0,0.0,2.0,0.0,0.0,0.0,0.0,Angers,1.0,1.0,79.0,0.9,1.0,1.0,1.0,0.0,0.0,0.0,1.1111111111111112,1.1111111111111112,2.2222222222222223,True,True,True,-2.0,-2.0,-34.0,1.1111111111111112,1.1111111111111112,2.2222222222222223
Gelson Martins,24,Right Winger,Portugal,30000000.0,Atlético Madrid,28000000,2019,Ligue-1,2018-2019,2019-2020,Monaco,16.0,16.0,1389.0,0.0,4.0,2.0,4.0,0.0,1.0,0.0,0.0,0.0,0.0,Monaco,21.0,20.0,1674.0,0.0,4.0,1.0,4.0,0.0,3.0,1.0,0.0,0.0,0.0,True,True,True,0.0,-1.0,5.0,0.0,0.0,0.0
Téji Savanier,27,Attacking Midfield,France,9500000.0,Nîmes Olympique,12000000,2019,Ligue-1,2018-2019,2019-2020,Nîmes,32.0,32.0,2864.0,0.0,6.0,14.0,2.0,4.0,6.0,1.0,0.0,0.0,0.0,Montpellier,19.0,18.0,1524.0,0.0,6.0,2.0,4.0,2.0,5.0,0.0,0.0,0.0,0.0,True,True,True,0.0,-12.0,-13.0,0.0,0.0,0.0
Ludovic Blas,21,Right Winger,France,8000000.0,EA Guingamp,5000000,2019,Ligue-1,2018-2019,2019-2020,Guingamp,34.0,27.0,2372.0,0.0,1.0,6.0,0.0,1.0,5.0,0.0,0.0,0.0,0.0,Nantes,24.0,22.0,1845.0,0.0,5.0,1.0,5.0,0.0,0.0,0.0,0.0,0.0,0.0,True,True,True,4.0,-5.0,-10.0,0.0,0.0,0.0
M'Baye Niang,24,Centre-Forward,Senegal,15000000.0,Torino,12000000,2019,Ligue-1,2018-2019,2019-2020,Rennes,29.0,19.0,1793.0,0.0,11.0,4.0,9.0,2.0,5.0,0.0,0.0,0.0,0.0,Rennes,26.0,24.0,2126.0,0.0,10.0,0.0,10.0,0.0,2.0,0.0,0.0,0.0,0.0,True,True,True,-1.0,-4.0,-3.0,0.0,0.0,0.0
Flavien Tait,26,Central Midfield,France,9000000.0,Angers SCO,8000000,2019,Ligue-1,2018-2019,2019-2020,Angers,36.0,34.0,2985.0,33.2,5.0,7.0,5.0,0.0,2.0,0.0,0.1506024096385542,0.2108433734939759,0.36144578313253,Rennes,17.0,9.0,885.0,0.0,2.0,2.0,2.0,0.0,0.0,1.0,0.0,0.0,0.0,True,True,True,-3.0,-5.0,-19.0,-0.1506024096385542,-0.2108433734939759,-0.36144578313253
Wesley Saïd,24,Centre-Forward,France,8000000.0,Dijon FCO,6000000,2019,Ligue-1,2018-2019,2019-2020,Dijon,34.0,25.0,2253.0,25.0,4.0,1.0,4.0,0.0,4.0,0.0,0.16,0.04,0.2,Toulouse,23.0,14.0,116.0,0.0,2.0,1.0,2.0,0.0,2.0,0.0,0.0,0.0,0.0,True,True,True,-2.0,0.0,-11.0,-0.16,-0.04,-0.2
Rémi Oudin,23,Attacking Midfield,France,10000000.0,Stade Reims,11000000,2019,Ligue-1,2018-2019,2019-2020,Reims,37.0,32.0,2612.0,29.0,10.0,4.0,10.0,0.0,4.0,0.0,0.3448275862068966,0.1379310344827586,0.4827586206896552,Bordeaux,8.0,5.0,562.0,0.0,1.0,1.0,1.0,0.0,0.0,0.0,0.0,0.0,0.0,True,True,True,-9.0,-3.0,-29.0,-0.3448275862068966,-0.1379310344827586,-0.4827586206896552
Vitolo,27,Left Winger,Spain,35600000.0,Sevilla FC,25000000,2017,La-Liga,2016-2017,2017-2018,Sevilla,30.0,25.0,2332.0,0.0,6.0,5.0,6.0,0.0,6.0,1.0,0.0,0.0,0.0,Las Palmas,9.0,8.0,689.0,0.0,1.0,0.0,1.0,0.0,0.0,0.0,0.0,0.0,0.0,True,True,True,-5.0,-5.0,-21.0,0.0,0.0,0.0
Pablo Fornals,21,Central Midfield,Spain,12000000.0,Málaga CF,10000000,2017,La-Liga,2016-2017,2017-2018,Málaga,32.0,31.0,2666.0,0.0,6.0,2.0,6.0,0.0,6.0,0.0,0.0,0.0,0.0,Villarreal,35.0,30.0,262.0,0.0,3.0,12.0,3.0,0.0,4.0,0.0,0.0,0.0,0.0,True,True,True,-3.0,10.0,3.0,0.0,0.0,0.0
Simone Zaza,26,Centre-Forward,Italy,16000000.0,Juventus,15000000,2017,La-Liga,2016-2017,2017-2018,Valencia,20.0,15.0,1377.0,0.0,6.0,1.0,6.0,0.0,7.0,0.0,0.0,0.0,0.0,Valencia,33.0,23.0,2077.0,0.0,13.0,1.0,13.0,0.0,9.0,1.0,0.0,0.0,0.0,True,True,True,7.0,0.0,13.0,0.0,0.0,0.0
Víctor Camarasa,23,Central Midfield,Spain,7000000.0,Levante,5000000,2017,La-Liga,2016-2017,2017-2018,Alavés,31.0,28.0,2495.0,0.0,3.0,1.0,3.0,0.0,4.0,0.0,0.0,0.0,0.0,Betis,24.0,14.0,1252.0,0.0,1.0,0.0,1.0,0.0,1.0,0.0,0.0,0.0,0.0,True,True,True,-2.0,-1.0,-7.0,0.0,0.0,0.0
Dani Ceballos,20,Central Midfield,Spain,16500000.0,Real Betis,10000000,2017,La-Liga,2016-2017,2017-2018,Betis,30.0,24.0,2339.0,26.0,2.0,2.0,2.0,0.0,8.0,0.0,0.0769230769230769,0.0769230769230769,0.1538461538461538,Real Madrid,12.0,4.0,401.0,0.0,2.0,0.0,2.0,0.0,0.0,0.0,0.0,0.0,0.0,True,True,True,0.0,-2.0,-18.0,-0.0769230769230769,-0.0769230769230769,-0.1538461538461538
Patrik Schick,24,Centre-Forward,Czech Republic,26500000.0,AS Roma,25000000,2020,Bundesliga,2019-2020,2020-2021,RB Leipzig,22.0,15.0,1298.0,0.0,10.0,2.0,10.0,0.0,3.0,0.0,0.0,0.0,0.0,Leverkusen,29.0,20.0,1866.0,0.0,9.0,1.0,9.0,0.0,4.0,0.0,0.0,0.0,0.0,True,True,True,-1.0,-1.0,7.0,0.0,0.0,0.0
Jhon Córdoba,27,Centre-Forward,Colombia,15000000.0,1.FC Köln,12000000,2020,Bundesliga,2019-2020,2020-2021,Köln,29.0,23.0,1998.0,0.0,13.0,2.0,13.0,0.0,5.0,0.0,0.0,0.0,0.0,Hertha BSC,21.0,17.0,1537.0,0.0,7.0,1.0,7.0,0.0,3.0,0.0,0.0,0.0,0.0,True,True,True,-6.0,-1.0,-8.0,0.0,0.0,0.0
Leonardo Bittencourt,26,Central Midfield,Germany,7000000.0,TSG Hoffenheim,4800000,2020,Bundesliga,2019-2020,2020-2021,Hoffenheim,1.0,0.0,3.0,0.0,0.0,0.0,0.0,0.0,1.0,0.0,0.0,0.0,0.0,Werder Bremen,27.0,19.0,1514.0,0.0,4.0,1.0,3.0,1.0,3.0,0.0,0.0,0.0,0.0,True,True,True,4.0,1.0,26.0,0.0,0.0,0.0
Sebastian Andersson,29,Centre-Forward,Sweden,6500000.0,1.FC Union Berlin,7000000,2020,Bundesliga,2019-2020,2020-2021,Union Berlin,33.0,31.0,2682.0,0.0,12.0,1.0,11.0,1.0,5.0,0.0,0.0,0.0,0.0,Köln,16.0,14.0,1126.0,0.0,3.0,0.0,2.0,1.0,1.0,0.0,0.0,0.0,0.0,True,True,True,-9.0,-1.0,-17.0,0.0,0.0,0.0
Ondrej Duda,25,Central Midfield,Slovakia,7000000.0,Hertha BSC,7000000,2020,Bundesliga,2019-2020,2020-2021,Hertha BSC,7.0,6.0,447.0,5.0,0.0,1.0,0.0,0.0,2.0,0.0,0.0,0.2,0.2,Köln,32.0,32.0,2537.0,0.0,7.0,5.0,4.0,3.0,8.0,1.0,0.0,0.0,0.0,True,True,True,7.0,4.0,25.0,0.0,-0.2,-0.2
Brais Méndez,25,Attacking Midfield,Spain,14000000.0,Celta de Vigo,18000000,2022,La-Liga,2021-2022,2022-2023,Celta Vigo,37.0,36.0,3021.0,33.6,4.0,5.0,4.0,0.0,8.0,0.0,0.119047619047619,0.1488095238095238,0.2678571428571428,Real Sociedad,34.0,28.0,2407.0,0.0,8.0,4.0,8.0,0.0,6.0,0.0,0.0,0.0,0.0,True,True,True,4.0,-1.0,-3.0,-0.119047619047619,-0.1488095238095238,-0.2678571428571428
William José,30,Centre-Forward,Brazil,10000000.0,Real Sociedad,12000000,2022,La-Liga,2021-2022,2022-2023,Betis,32.0,19.0,1604.0,0.0,8.0,4.0,5.0,3.0,2.0,0.0,0.0,0.0,0.0,Betis,28.0,6.0,731.0,0.0,2.0,1.0,1.0,1.0,1.0,0.0,0.0,0.0,0.0,True,True,True,-6.0,-3.0,-4.0,0.0,0.0,0.0
Raúl de Tomás,27,Centre-Forward,Spain,11000000.0,Espanyol,25000000,2022,La-Liga,2021-2022,2022-2023,Espanyol,34.0,33.0,2914.0,32.4,17.0,3.0,12.0,5.0,7.0,2.0,0.5246913580246914,0.0925925925925926,0.617283950617284,Rayo Vallecano,19.0,9.0,805.0,0.0,4.0,0.0,3.0,1.0,2.0,0.0,0.0,0.0,0.0,True,True,True,-13.0,-3.0,-15.0,-0.5246913580246914,-0.0925925925925926,-0.617283950617284
Borja Mayoral,25,Centre-Forward,Spain,10000000.0,real Madrid,9000000,2022,La-Liga,2021-2022,2022-2023,Getafe,18.0,11.0,1044.0,0.0,6.0,1.0,5.0,1.0,3.0,0.0,0.0,0.0,0.0,Getafe,35.0,33.0,2759.0,0.0,8.0,2.0,8.0,0.0,4.0,0.0,0.0,0.0,0.0,True,True,True,2.0,1.0,17.0,0.0,0.0,0.0
Vedat Muriqi,28,Centre-Forward,Kosovo,8020000.0,Lazio,7000000,2022,La-Liga,2021-2022,2022-2023,Mallorca,16.0,16.0,1438.0,16.0,5.0,3.0,3.0,2.0,6.0,0.0,0.3125,0.1875,0.5,Mallorca,35.0,34.0,2937.0,32.6,15.0,3.0,11.0,4.0,6.0,1.0,0.460122699386503,0.0920245398773006,0.5521472392638036,True,True,True,10.0,0.0,19.0,0.14762269938650302,-0.0954754601226994,0.0521472392638036
Nicolò Barella,23,Central Midfield,Italy,32500000.0,Cagliari,50000000,2020,Serie-A,2019-2020,2020-2021,Inter,27.0,23.0,2013.0,0.0,1.0,4.0,1.0,0.0,11.0,0.0,0.0,0.0,0.0,Inter,36.0,32.0,2896.0,32.2,3.0,7.0,3.0,0.0,5.0,0.0,0.093167701863354,0.217391304347826,0.3105590062111801,True,True,True,2.0,3.0,9.0,0.093167701863354,0.217391304347826,0.3105590062111801
Stefano Sensi,25,Central Midfield,Italy,25000000.0,Sassuolo,20000000,2020,Serie-A,2019-2020,2020-2021,Inter,12.0,9.0,723.0,8.0,3.0,2.0,3.0,0.0,2.0,0.0,0.375,0.25,0.625,Inter,18.0,4.0,603.0,0.0,0.0,0.0,0.0,0.0,1.0,1.0,0.0,0.0,0.0,True,True,True,-3.0,-2.0,6.0,-0.375,-0.25,-0.625
Christian Kouamé,22,Centre-Forward,Ivory Coast,15500000.0,Genoa,17500000,2020,Serie-A,2019-2020,2020-2021,Fiorentina,7.0,3.0,301.0,0.0,1.0,1.0,1.0,0.0,0.0,0.0,0.0,0.0,0.0,Fiorentina,33.0,9.0,995.0,0.0,1.0,1.0,1.0,0.0,4.0,0.0,0.0,0.0,0.0,True,True,True,0.0,0.0,26.0,0.0,0.0,0.0
Alfred Duncan,27,Central Midfield,Ghana,15000000.0,Sassuolo,15000000,2020,Serie-A,2019-2020,2020-2021,Fiorentina,13.0,10.0,887.0,0.0,1.0,1.0,1.0,0.0,2.0,0.0,0.0,0.0,0.0,Fiorentina,4.0,2.0,162.0,0.0,0.0,0.0,0.0,0.0,0.0,0.0,0.0,0.0,0.0,True,True,True,-1.0,-1.0,-9.0,0.0,0.0,0.0
Marko Rog,25,Central Midfield,Croatia,15000000.0,Napoli,13000000,2020,Serie-A,2019-2020,2020-2021,Cagliari,30.0,28.0,2317.0,0.0,1.0,1.0,1.0,0.0,10.0,0.0,0.0,0.0,0.0,Cagliari,14.0,14.0,1165.0,0.0,0.0,0.0,0.0,0.0,2.0,0.0,0.0,0.0,0.0,True,True,True,-1.0,-1.0,-16.0,0.0,0.0,0.0
Giovanni Simeone,25,Centre-Forward,Argentina,13000000.0,Fiorentina,15000000,2020,Serie-A,2019-2020,2020-2021,Cagliari,37.0,34.0,2924.0,32.5,12.0,3.0,12.0,0.0,4.0,0.0,0.3692307692307692,0.0923076923076923,0.4615384615384615,Cagliari,33.0,19.0,174.0,0.0,6.0,2.0,6.0,0.0,1.0,0.0,0.0,0.0,0.0,True,True,True,-6.0,-1.0,-4.0,-0.3692307692307692,-0.0923076923076923,-0.4615384615384615
Grégoire Defrel,29,Centre-Forward,France,11000000.0,Roma,8000000,2020,Serie-A,2019-2020,2020-2021,Sassuolo,17.0,9.0,980.0,0.0,3.0,3.0,2.0,1.0,1.0,0.0,0.0,0.0,0.0,Sassuolo,28.0,14.0,1336.0,0.0,3.0,3.0,3.0,0.0,1.0,0.0,0.0,0.0,0.0,True,True,True,0.0,0.0,11.0,0.0,0.0,0.0
Hernani,26,Central Midfield,Brazil,6470000.0,Zenit,5500000,2020,Serie-A,2019-2020,2020-2021,Parma,32.0,27.0,2419.0,0.0,0.0,4.0,0.0,0.0,10.0,0.0,0.0,0.0,0.0,Parma,33.0,27.0,2189.0,0.0,7.0,3.0,6.0,1.0,11.0,0.0,0.0,0.0,0.0,True,True,True,7.0,-1.0,1.0,0.0,0.0,0.0
Federico Bernardeschi,23,Right Winger,Italy,40000000.0,Fiorentina,30000000,2017,Serie-A,2016-2017,2017-2018,Fiorentina,32.0,27.0,2292.0,0.0,11.0,4.0,8.0,3.0,5.0,1.0,0.0,0.0,0.0,Fiorentina,32.0,27.0,2292.0,0.0,11.0,4.0,8.0,3.0,5.0,1.0,0.0,0.0,0.0,True,True,True,0.0,0.0,0.0,0.0,0.0,0.0
Matías Vecino,25,Central Midfield,Uruguay,24000000.0,Fiorentina,13000000,2017,Serie-A,2016-2017,2017-2018,Fiorentina,31.0,26.0,2355.0,0.0,3.0,4.0,3.0,0.0,7.0,0.0,0.0,0.0,0.0,Fiorentina,31.0,26.0,2355.0,0.0,3.0,4.0,3.0,0.0,7.0,0.0,0.0,0.0,0.0,True,True,True,0.0,0.0,0.0,0.0,0.0,0.0
Roberto Gagliardini,23,Central Midfield,Italy,20500000.0,Atalanta,15000000,2017,Serie-A,2016-2017,2017-2018,Atalanta,13.0,8.0,777.0,0.0,0.0,1.0,0.0,0.0,5.0,0.0,0.0,0.0,0.0,Atalanta,13.0,8.0,777.0,0.0,0.0,1.0,0.0,0.0,5.0,0.0,0.0,0.0,0.0,True,True,True,0.0,0.0,0.0,0.0,0.0,0.0
Juan Cuadrado,29,Right Midfield,Colombia,20000000.0,Chelsea,25000000,2017,Serie-A,2016-2017,2017-2018,Juventus,30.0,21.0,2096.0,0.0,2.0,6.0,2.0,0.0,8.0,0.0,0.0,0.0,0.0,Juventus,30.0,21.0,2096.0,0.0,2.0,6.0,2.0,0.0,8.0,0.0,0.0,0.0,0.0,True,True,True,0.0,0.0,0.0,0.0,0.0,0.0
Marco Benassi,22,Central Midfield,Italy,12000000.0,Torino,9500000,2017,Serie-A,2016-2017,2017-2018,Torino,28.0,24.0,2044.0,0.0,5.0,3.0,5.0,0.0,5.0,0.0,0.0,0.0,0.0,Torino,28.0,24.0,2044.0,0.0,5.0,3.0,5.0,0.0,5.0,0.0,0.0,0.0,0.0,True,True,True,0.0,0.0,0.0,0.0,0.0,0.0
Lorenzo Pellegrini,21,Attacking Midfield,Italy,10000000.0,Sassuolo,12000000,2017,Serie-A,2016-2017,2017-2018,Sassuolo,28.0,24.0,1941.0,0.0,6.0,6.0,5.0,1.0,7.0,1.0,0.0,0.0,0.0,Sassuolo,28.0,24.0,1941.0,0.0,6.0,6.0,5.0,1.0,7.0,1.0,0.0,0.0,0.0,True,True,True,0.0,0.0,0.0,0.0,0.0,0.0
Leonardo Pavoletti,28,Centre-Forward,Italy,9800000.0,Napoli,11000000,2017,Serie-A,2016-2017,2017-2018,Genoa,9.0,7.0,581.0,0.0,3.0,0.0,3.0,0.0,2.0,0.0,0.0,0.0,0.0,Genoa,9.0,7.0,581.0,0.0,3.0,0.0,3.0,0.0,2.0,0.0,0.0,0.0,0.0,True,True,True,0.0,0.0,0.0,0.0,0.0,0.0
Marko Rog,21,Central Midfield,Croatia,13500000.0,Dinamo Zagreb,10000000,2017,Serie-A,2016-2017,2017-2018,Napoli,15.0,2.0,387.0,0.0,0.0,0.0,0.0,0.0,4.0,0.0,0.0,0.0,0.0,Napoli,15.0,2.0,387.0,0.0,0.0,0.0,0.0,0.0,4.0,0.0,0.0,0.0,0.0,True,True,True,0.0,0.0,0.0,0.0,0.0,0.0
Roberto Inglese,25,Centre-Forward,Italy,12000000.0,Chievo Verona,4500000,2017,Serie-A,2016-2017,2017-2018,Chievo,34.0,22.0,1964.0,0.0,10.0,4.0,10.0,0.0,0.0,0.0,0.0,0.0,0.0,Chievo,34.0,22.0,1964.0,0.0,10.0,4.0,10.0,0.0,0.0,0.0,0.0,0.0,0.0,True,True,True,0.0,0.0,0.0,0.0,0.0,0.0
Gianluca Caprari,23,Second Striker,Italy,15000000.0,Inter,6000000,2017,Serie-A,2016-2017,2017-2018,Pescara,35.0,34.0,3108.0,34.5,9.0,4.0,8.0,1.0,8.0,0.0,0.2608695652173913,0.1159420289855072,0.3768115942028985,Pescara,35.0,34.0,3108.0,34.5,9.0,4.0,8.0,1.0,8.0,0.0,0.2608695652173913,0.1159420289855072,0.3768115942028985,True,True,True,0.0,0.0,0.0,0.0,0.0,0.0
Bruno Fernandes,22,Attacking Midfield,Portugal,6000000.0,Udinese,7500000,2017,Serie-A,2016-2017,2017-2018,Sampdoria,33.0,22.0,1714.0,19.0,5.0,2.0,5.0,0.0,2.0,0.0,0.2631578947368421,0.1052631578947368,0.3684210526315789,Sampdoria,33.0,22.0,1714.0,19.0,5.0,2.0,5.0,0.0,2.0,0.0,0.2631578947368421,0.1052631578947368,0.3684210526315789,True,True,True,0.0,0.0,0.0,0.0,0.0,0.0
Josip Iličić,29,Attacking Midfield,Slovenia,6400000.0,Fiorentina,10000000,2017,Serie-A,2016-2017,2017-2018,Fiorentina,29.0,23.0,187.0,0.0,5.0,4.0,4.0,1.0,2.0,0.0,0.0,0.0,0.0,Fiorentina,29.0,23.0,187.0,0.0,5.0,4.0,4.0,1.0,2.0,0.0,0.0,0.0,0.0,True,True,True,0.0,0.0,0.0,0.0,0.0,0.0
Dušan Vlahović,22,Centre-Forward,Serbia,83500000.0,Fiorentina,70000000,2021,Serie-A,2020-2021,2021-2022,Fiorentina,37.0,34.0,2923.0,32.5,21.0,3.0,15.0,6.0,1.0,0.0,0.6461538461538462,0.0923076923076923,0.7384615384615385,Fiorentina,21.0,21.0,1857.0,0.0,17.0,2.0,12.0,5.0,2.0,0.0,0.0,0.0,0.0,True,True,True,-4.0,-1.0,-16.0,-0.6461538461538462,-0.0923076923076923,-0.7384615384615385
Weston McKennie,22,Central Midfield,USA,21900000.0,FC Schalke 04,25000000,2021,Serie-A,2020-2021,2021-2022,Juventus,34.0,18.0,1702.0,0.0,5.0,2.0,5.0,0.0,5.0,0.0,0.0,0.0,0.0,Juventus,21.0,15.0,1369.0,0.0,3.0,0.0,3.0,0.0,1.0,0.0,0.0,0.0,0.0,True,True,True,-2.0,-2.0,-13.0,0.0,0.0,0.0
Eldor Shomurodov,26,Centre-Forward,Uzbekistan,19600000.0,Genoa,7000000,2021,Serie-A,2020-2021,2021-2022,Genoa,31.0,16.0,1677.0,0.0,8.0,1.0,8.0,0.0,1.0,0.0,0.0,0.0,0.0,Roma,28.0,5.0,784.0,0.0,3.0,4.0,3.0,0.0,2.0,0.0,0.0,0.0,0.0,True,True,True,-5.0,3.0,-3.0,0.0,0.0,0.0
Musa Barrow,22,Left Winger,Gambia,14340000.0,Atalanta,20000000,2021,Serie-A,2020-2021,2021-2022,Bologna,38.0,34.0,2921.0,32.5,8.0,8.0,8.0,0.0,0.0,0.0,0.2461538461538461,0.2461538461538461,0.4923076923076923,Bologna,34.0,25.0,2134.0,0.0,6.0,6.0,6.0,0.0,0.0,0.0,0.0,0.0,0.0,True,True,True,-2.0,-2.0,-4.0,-0.2461538461538461,-0.2461538461538461,-0.4923076923076923
Ivan Ilić,20,Central Midfield,Serbia,7500000.0,Man City U23,8000000,2021,Serie-A,2020-2021,2021-2022,Hellas Verona,29.0,19.0,1835.0,0.0,2.0,0.0,2.0,0.0,2.0,0.0,0.0,0.0,0.0,Hellas Verona,32.0,30.0,2526.0,0.0,1.0,3.0,1.0,0.0,5.0,1.0,0.0,0.0,0.0,True,True,True,-1.0,3.0,3.0,0.0,0.0,0.0
Kevin Lasagna,28,Centre-Forward,Italy,6500000.0,Udinese,6000000,2021,Serie-A,2020-2021,2021-2022,Udinese,17.0,12.0,1103.0,0.0,2.0,1.0,2.0,0.0,1.0,0.0,0.0,0.0,0.0,Hellas Verona,28.0,11.0,1184.0,0.0,2.0,4.0,2.0,0.0,1.0,0.0,0.0,0.0,0.0,True,True,True,0.0,3.0,11.0,0.0,0.0,0.0
Antonín Barák,26,Attacking Midfield,Czech Republic,6000000.0,Udinese,14000000,2021,Serie-A,2020-2021,2021-2022,Hellas Verona,34.0,32.0,2765.0,0.0,7.0,3.0,7.0,0.0,5.0,1.0,0.0,0.0,0.0,Hellas Verona,29.0,27.0,234.0,26.0,11.0,4.0,7.0,4.0,4.0,0.0,0.4230769230769231,0.1538461538461538,0.5769230769230769,True,True,True,4.0,1.0,-5.0,0.4230769230769231,0.1538461538461538,0.5769230769230769
Ernesto Torregrossa,29,Centre-Forward,Italy,5500000.0,Brescia,5500000,2021,Serie-A,2020-2021,2021-2022,Sampdoria,6.0,1.0,170.0,0.0,1.0,0.0,1.0,0.0,0.0,0.0,0.0,0.0,0.0,Sampdoria,10.0,0.0,116.0,0.0,0.0,0.0,0.0,0.0,1.0,0.0,0.0,0.0,0.0,True,True,True,-1.0,0.0,4.0,0.0,0.0,0.0
Nicolas de Préville,26,Centre-Forward,France,8000000.0,LOSC Lille,5500000,2017,Ligue-1,2016-2017,2017-2018,Lille,30.0,23.0,2059.0,0.0,14.0,5.0,10.0,4.0,2.0,0.0,0.0,0.0,0.0,Bordeaux,29.0,22.0,1935.0,0.0,4.0,4.0,4.0,0.0,6.0,0.0,0.0,0.0,0.0,True,True,True,-10.0,-1.0,-1.0,0.0,0.0,0.0
Nicolas Pépé,22,Right Winger,Cote d'Ivoire,18000000.0,Angers SCO,3000000,2017,Ligue-1,2016-2017,2017-2018,Angers,33.0,11.0,1321.0,0.0,3.0,1.0,3.0,0.0,2.0,0.0,0.0,0.0,0.0,Lille,36.0,31.0,2841.0,31.6,13.0,4.0,12.0,1.0,5.0,0.0,0.4113924050632911,0.1265822784810126,0.5379746835443038,True,True,True,10.0,3.0,3.0,0.4113924050632911,0.1265822784810126,0.5379746835443038
Xeka,22,Central Midfield,Portugal,5000000.0,SC Braga,1250000,2017,Ligue-1,2016-2017,2017-2018,Lille,13.0,13.0,1115.0,0.0,1.0,2.0,1.0,0.0,2.0,0.0,0.0,0.0,0.0,Dijon,17.0,15.0,1393.0,0.0,2.0,3.0,2.0,0.0,4.0,0.0,0.0,0.0,0.0,True,True,True,1.0,1.0,4.0,0.0,0.0,0.0
Martin Terrier,20,Left Winger,France,11000000.0,LOSC Lille,12000000,2017,Ligue-1,2016-2017,2017-2018,Lille,11.0,1.0,256.0,0.0,1.0,0.0,1.0,0.0,0.0,0.0,0.0,0.0,0.0,Strasbourg,25.0,19.0,1672.0,0.0,3.0,3.0,3.0,0.0,3.0,0.0,0.0,0.0,0.0,True,True,True,2.0,3.0,14.0,0.0,0.0,0.0
Florian Thauvin,24,Second Striker,France,11000000.0,Newcastle United,18000000,2017,Ligue-1,2016-2017,2017-2018,Marseille,38.0,36.0,2956.0,32.8,15.0,9.0,14.0,1.0,2.0,0.0,0.4573170731707317,0.274390243902439,0.7317073170731708,Marseille,35.0,35.0,295.0,32.8,22.0,11.0,19.0,3.0,7.0,0.0,0.6707317073170732,0.3353658536585366,1.0060975609756098,True,True,True,7.0,2.0,-3.0,0.2134146341463415,0.060975609756097615,0.27439024390243894
Valère Germain,27,Centre-Forward,France,8000000.0,AS Monaco,10000000,2017,Ligue-1,2016-2017,2017-2018,Monaco,36.0,27.0,2225.0,0.0,10.0,4.0,10.0,0.0,0.0,0.0,0.0,0.0,0.0,Marseille,35.0,24.0,2167.0,0.0,9.0,5.0,9.0,0.0,2.0,0.0,0.0,0.0,0.0,True,True,True,-1.0,1.0,-1.0,0.0,0.0,0.0
Clinton N'Jie,23,Right Winger,Cameroon,7000000.0,Tottenham Hotspur,7000000,2017,Ligue-1,2016-2017,2017-2018,Marseille,22.0,11.0,1026.0,0.0,4.0,1.0,4.0,0.0,1.0,0.0,0.0,0.0,0.0,Marseille,22.0,9.0,874.0,0.0,7.0,3.0,7.0,0.0,2.0,0.0,0.0,0.0,0.0,True,True,True,3.0,2.0,0.0,0.0,0.0,0.0
Adama Diakhaby,21,Attacking Midfield,France,10000000.0,Stade Rennais FC,1500000,2017,Ligue-1,2016-2017,2017-2018,Rennes,25.0,3.0,728.0,0.0,4.0,0.0,3.0,1.0,2.0,0.0,0.0,0.0,0.0,Monaco,22.0,10.0,850.0,0.0,2.0,3.0,2.0,0.0,2.0,1.0,0.0,0.0,0.0,True,True,True,-2.0,3.0,-3.0,0.0,0.0,0.0
Allan Saint-Maximin,20,Left Winger,France,10000000.0,AS Monaco,3000000,2017,Ligue-1,2016-2017,2017-2018,Bastia,34.0,30.0,2696.0,30.0,3.0,3.0,3.0,0.0,1.0,1.0,0.1,0.1,0.2,Nice,30.0,26.0,2246.0,25.0,3.0,7.0,3.0,0.0,1.0,0.0,0.12,0.28,0.4,True,True,True,0.0,4.0,-4.0,0.01999999999999999,0.18000000000000002,0.2
Jean-Victor Makengo,19,Central Midfield,France,6000000.0,SM Caen,900000,2017,Ligue-1,2016-2017,2017-2018,Caen,17.0,9.0,877.0,0.0,0.0,0.0,0.0,0.0,2.0,0.0,0.0,0.0,0.0,Nice,5.0,2.0,246.0,0.0,0.0,0.0,0.0,0.0,1.0,0.0,0.0,0.0,0.0,True,True,True,0.0,0.0,-12.0,0.0,0.0,0.0
Ismaïla Sarr,19,Right Winger,Senegal,17000000.0,FC Metz,2500000,2017,Ligue-1,2016-2017,2017-2018,Metz,31.0,20.0,1943.0,0.0,5.0,1.0,5.0,0.0,2.0,0.0,0.0,0.0,0.0,Rennes,24.0,22.0,1858.0,0.0,5.0,3.0,5.0,0.0,2.0,0.0,0.0,0.0,0.0,True,True,True,0.0,2.0,-7.0,0.0,0.0,0.0
Loïs Diony,24,Centre-Forward,France,10000000.0,Dijon FCO,3000000,2017,Ligue-1,2016-2017,2017-2018,Dijon,35.0,31.0,2807.0,31.2,11.0,7.0,11.0,0.0,2.0,1.0,0.3525641025641026,0.2243589743589743,0.576923076923077,Saint-Étienne,16.0,11.0,931.0,0.0,0.0,0.0,0.0,0.0,0.0,0.0,0.0,0.0,0.0,True,True,True,-11.0,-7.0,-19.0,-0.3525641025641026,-0.2243589743589743,-0.576923076923077
Lucas Alario,29,Centre-Forward,Argentina,6000000.0,Bayer Leverkusen,8000000,2022,Bundesliga,2021-2022,2022-2023,Leverkusen,27.0,5.0,655.0,0.0,6.0,0.0,6.0,0.0,2.0,0.0,0.0,0.0,0.0,Eint Frankfurt,20.0,2.0,331.0,0.0,1.0,0.0,1.0,0.0,0.0,0.0,0.0,0.0,0.0,True,True,True,-5.0,0.0,-7.0,0.0,0.0,0.0
Patrik Schick,22,Centre-Forward,Czech Republic,42000000.0,Sampdoria,20000000,2018,Serie-A,2017-2018,2018-2019,Sampdoria,32.0,14.0,157.0,0.0,11.0,4.0,11.0,0.0,2.0,0.0,0.0,0.0,0.0,Roma,24.0,15.0,1314.0,0.0,3.0,0.0,3.0,0.0,4.0,0.0,0.0,0.0,0.0,True,True,True,-8.0,-4.0,-8.0,0.0,0.0,0.0
Radja Nainggolan,30,Central Midfield,Belgium,38000000.0,Roma,45000000,2018,Serie-A,2017-2018,2018-2019,Roma,37.0,35.0,303.0,33.7,11.0,4.0,11.0,0.0,2.0,0.0,0.3264094955489613,0.1186943620178041,0.4451038575667655,Inter,29.0,22.0,1967.0,0.0,6.0,3.0,6.0,0.0,3.0,0.0,0.0,0.0,0.0,True,True,True,-5.0,-1.0,-8.0,-0.3264094955489613,-0.1186943620178041,-0.4451038575667655
Simone Verdi,25,Attacking Midfield,Italy,24500000.0,Bologna,25000000,2018,Serie-A,2017-2018,2018-2019,Bologna,28.0,25.0,2117.0,0.0,6.0,4.0,6.0,0.0,4.0,0.0,0.0,0.0,0.0,Napoli,22.0,9.0,704.0,0.0,3.0,3.0,2.0,1.0,0.0,0.0,0.0,0.0,0.0,True,True,True,-3.0,-1.0,-6.0,0.0,0.0,0.0
Grégoire Defrel,27,Centre-Forward,France,15000000.0,Sassuolo,10000000,2018,Serie-A,2017-2018,2018-2019,Sassuolo,29.0,23.0,1954.0,0.0,12.0,2.0,11.0,1.0,1.0,0.0,0.0,0.0,0.0,Sampdoria,36.0,26.0,2339.0,26.0,11.0,3.0,11.0,0.0,2.0,0.0,0.4230769230769231,0.1153846153846153,0.5384615384615384,True,True,True,-1.0,1.0,7.0,0.4230769230769231,0.1153846153846153,0.5384615384615384
Manolo Gabbiadini,27,Centre-Forward,Italy,11900000.0,Southampton,10000000,2018,Serie-A,2017-2018,2018-2019,Napoli,13.0,7.0,515.0,0.0,3.0,0.0,2.0,1.0,0.0,1.0,0.0,0.0,0.0,Sampdoria,18.0,8.0,812.0,9.0,4.0,2.0,4.0,0.0,5.0,0.0,0.4444444444444444,0.2222222222222222,0.6666666666666666,True,True,True,1.0,2.0,5.0,0.4444444444444444,0.2222222222222222,0.6666666666666666
Gianluca Lapadula,28,Centre-Forward,Italy,11000000.0,AC Milan,7000000,2018,Serie-A,2017-2018,2018-2019,Milan,27.0,12.0,1262.0,14.0,8.0,3.0,6.0,2.0,3.0,0.0,0.5714285714285714,0.2142857142857142,0.7857142857142857,Genoa,8.0,4.0,404.0,0.0,1.0,0.0,1.0,0.0,1.0,0.0,0.0,0.0,0.0,True,True,True,-7.0,-3.0,-19.0,-0.5714285714285714,-0.2142857142857142,-0.7857142857142857
Juraj Kucka,31,Central Midfield,Slovakia,6400000.0,Trabzonspor,2500000,2018,Serie-A,2017-2018,2018-2019,Milan,30.0,23.0,2082.0,0.0,3.0,1.0,3.0,0.0,10.0,5.0,0.0,0.0,0.0,Parma,18.0,17.0,1535.0,0.0,4.0,3.0,3.0,1.0,5.0,1.0,0.0,0.0,0.0,True,True,True,1.0,2.0,-12.0,0.0,0.0,0.0
Diego Falcinelli,27,Centre-Forward,Italy,7000000.0,Sassuolo,3800000,2018,Serie-A,2017-2018,2018-2019,Crotone,35.0,35.0,3124.0,34.7,13.0,2.0,11.0,2.0,7.0,0.0,0.3746397694524495,0.0576368876080691,0.4322766570605187,Bologna,16.0,8.0,703.0,0.0,0.0,1.0,0.0,0.0,0.0,0.0,0.0,0.0,0.0,True,True,True,-13.0,-1.0,-19.0,-0.3746397694524495,-0.0576368876080691,-0.4322766570605187
Khouma Babacar,25,Centre-Forward,Senegal,7000000.0,Fiorentina,8000000,2018,Serie-A,2017-2018,2018-2019,Fiorentina,22.0,13.0,1326.0,0.0,10.0,1.0,9.0,1.0,0.0,0.0,0.0,0.0,0.0,Sassuolo,29.0,16.0,1488.0,0.0,7.0,2.0,5.0,2.0,0.0,0.0,0.0,0.0,0.0,True,True,True,-3.0,1.0,7.0,0.0,0.0,0.0
Lucas Castro,29,Attacking Midfield,Argentina,5900000.0,Chievo Verona,7000000,2018,Serie-A,2017-2018,2018-2019,Chievo,33.0,33.0,2759.0,0.0,5.0,6.0,5.0,0.0,7.0,1.0,0.0,0.0,0.0,Cagliari,12.0,10.0,896.0,10.0,1.0,3.0,1.0,0.0,1.0,0.0,0.1,0.3,0.4,True,True,True,-4.0,-3.0,-21.0,0.1,0.3,0.4
Jasmin Kurtic,29,Central Midfield,Slovenia,5300000.0,Atalanta,5000000,2018,Serie-A,2017-2018,2018-2019,Atalanta,37.0,35.0,2739.0,0.0,6.0,3.0,6.0,0.0,7.0,0.0,0.0,0.0,0.0,SPAL,30.0,29.0,2557.0,0.0,6.0,5.0,6.0,0.0,9.0,0.0,0.0,0.0,0.0,True,True,True,0.0,2.0,-7.0,0.0,0.0,0.0
Dejan Kulusevski,19,Attacking Midfield,Sweden,39000000.0,Atalanta,25000000,2019,Serie-A,2018-2019,2019-2020,Atalanta,3.0,0.0,105.0,0.0,0.0,0.0,0.0,0.0,0.0,0.0,0.0,0.0,0.0,Parma,36.0,33.0,293.0,32.6,10.0,8.0,9.0,1.0,3.0,0.0,0.3067484662576687,0.2453987730061349,0.5521472392638036,True,True,True,10.0,8.0,33.0,0.3067484662576687,0.2453987730061349,0.5521472392638036
Franck Kessié,22,Central Midfield,Ivory Coast,32000000.0,Atalanta,33000000,2019,Serie-A,2018-2019,2019-2020,Milan,34.0,34.0,3018.0,33.5,7.0,2.0,4.0,3.0,8.0,0.0,0.208955223880597,0.0597014925373134,0.2686567164179104,Milan,35.0,33.0,2904.0,32.3,4.0,1.0,2.0,2.0,3.0,0.0,0.1238390092879257,0.0309597523219814,0.1547987616099071,True,True,True,-3.0,-1.0,1.0,-0.08511621459267131,-0.028741740215331997,-0.11385795480800329
Andrea Petagna,24,Centre-Forward,Italy,12000000.0,SPAL,20000000,2019,Serie-A,2018-2019,2019-2020,SPAL,36.0,35.0,3031.0,33.7,16.0,1.0,10.0,6.0,8.0,0.0,0.4747774480712166,0.029673590504451,0.5044510385756676,SPAL,36.0,33.0,3032.0,33.7,12.0,1.0,7.0,5.0,5.0,0.0,0.3560830860534124,0.029673590504451,0.3857566765578634,True,True,True,-4.0,0.0,0.0,-0.1186943620178042,0.0,-0.11869436201780426
Duván Zapata,28,Centre-Forward,Colombia,12000000.0,Sampdoria,45000000,2019,Serie-A,2018-2019,2019-2020,Atalanta,37.0,32.0,2896.0,32.2,23.0,7.0,22.0,1.0,5.0,0.0,0.7142857142857142,0.217391304347826,0.9316770186335402,Atalanta,28.0,25.0,2026.0,0.0,18.0,6.0,17.0,1.0,1.0,0.0,0.0,0.0,0.0,True,True,True,-5.0,-1.0,-9.0,-0.7142857142857142,-0.217391304347826,-0.9316770186335402
Luis Muriel,28,Centre-Forward,Colombia,21200000.0,Sevilla FC,13000000,2019,Serie-A,2018-2019,2019-2020,Fiorentina,19.0,16.0,1441.0,16.0,6.0,0.0,6.0,0.0,1.0,0.0,0.375,0.0,0.375,Atalanta,34.0,10.0,126.0,14.0,18.0,1.0,12.0,6.0,1.0,0.0,1.2857142857142858,0.0714285714285714,1.3571428571428572,True,True,True,12.0,1.0,15.0,0.9107142857142858,0.0714285714285714,0.9821428571428572
Roberto Soriano,28,Attacking Midfield,Italy,8000000.0,Villarreal,7000000,2019,Serie-A,2018-2019,2019-2020,Torino,11.0,6.0,468.0,0.0,0.0,2.0,0.0,0.0,1.0,0.0,0.0,0.0,0.0,Bologna,29.0,29.0,2469.0,0.0,5.0,5.0,5.0,0.0,4.0,2.0,0.0,0.0,0.0,True,True,True,5.0,3.0,18.0,0.0,0.0,0.0
Callum Wilson,28,Centre-Forward,England,22250000.0,Bournemouth,20000000,2020,Premier-League,2019-2020,2020-2021,Bournemouth,35.0,32.0,2908.0,32.3,8.0,1.0,8.0,0.0,10.0,0.0,0.2476780185758514,0.0309597523219814,0.2786377708978328,Newcastle Utd,26.0,23.0,2084.0,0.0,12.0,5.0,8.0,4.0,2.0,0.0,0.0,0.0,0.0,True,True,True,4.0,4.0,-9.0,-0.2476780185758514,-0.0309597523219814,-0.2786377708978328
Bradley Barcola,20,Left Winger,France,45000000.0,Olympique Lyon,18000000,2023,Ligue-1,2022-2023,2023-2024,Lyon,26.0,15.0,144.0,16.0,5.0,8.0,5.0,0.0,3.0,0.0,0.3125,0.5,0.8125,Lyon,3.0,3.0,270.0,3.0,0.0,0.0,0.0,0.0,1.0,0.0,0.0,0.0,0.0,True,True,True,-5.0,-8.0,-23.0,-0.3125,-0.5,-0.8125
Hugo Ekitiké,21,Centre-Forward,France,28500000.0,Stade Reims,20000000,2023,Ligue-1,2022-2023,2023-2024,Paris S-G,25.0,12.0,1155.0,0.0,3.0,4.0,3.0,0.0,0.0,0.0,0.0,0.0,0.0,Paris S-G,1.0,0.0,9.0,0.1,0.0,0.0,0.0,0.0,0.0,0.0,0.0,0.0,0.0,True,True,True,-3.0,-4.0,-24.0,0.0,0.0,0.0
Elye Wahi,20,Centre-Forward,France,30000000.0,Montpellier HSC,35000000,2023,Ligue-1,2022-2023,2023-2024,Montpellier,33.0,29.0,2513.0,0.0,19.0,5.0,18.0,1.0,8.0,1.0,0.0,0.0,0.0,Montpellier,1.0,0.0,14.0,0.2,0.0,0.0,0.0,0.0,0.0,0.0,0.0,0.0,0.0,True,True,True,-19.0,-5.0,-32.0,0.0,0.0,0.0
Angelo Fulgini,26,Attacking Midfield,France,7200000.0,Mainz 05,9000000,2023,Ligue-1,2022-2023,2023-2024,Lens,17.0,12.0,858.0,0.0,1.0,1.0,1.0,0.0,0.0,0.0,0.0,0.0,0.0,Lens,29.0,16.0,1376.0,0.0,1.0,2.0,1.0,0.0,1.0,0.0,0.0,0.0,0.0,True,True,True,0.0,1.0,12.0,0.0,0.0,0.0
Amine Harit,26,Attacking Midfield,Morocco,5000000.0,Schalke 04,12000000,2023,Ligue-1,2022-2023,2023-2024,Marseille,10.0,6.0,515.0,0.0,0.0,0.0,0.0,0.0,1.0,0.0,0.0,0.0,0.0,Marseille,28.0,21.0,1821.0,0.0,1.0,2.0,1.0,0.0,5.0,0.0,0.0,0.0,0.0,True,True,True,1.0,2.0,18.0,0.0,0.0,0.0
Folarin Balogun,22,Centre-Forward,United States,30000000.0,Arsenal,30000000,2023,Ligue-1,2022-2023,2023-2024,Reims,37.0,34.0,2999.0,33.3,21.0,2.0,15.0,6.0,5.0,0.0,0.6306306306306307,0.06006006006006,0.6906906906906908,Monaco,29.0,19.0,1692.0,0.0,7.0,5.0,7.0,0.0,1.0,0.0,0.0,0.0,0.0,True,True,True,-14.0,3.0,-8.0,-0.6306306306306307,-0.06006006006006,-0.6906906906906908
Enzo Le Fée,23,Central Midfield,France,20000000.0,FC Lorient,20000000,2023,Ligue-1,2022-2023,2023-2024,Lorient,35.0,35.0,3028.0,33.6,5.0,6.0,5.0,0.0,5.0,0.0,0.1488095238095238,0.1785714285714285,0.3273809523809524,Rennes,25.0,19.0,1527.0,17.0,0.0,1.0,0.0,0.0,3.0,0.0,0.0,0.0588235294117647,0.0588235294117647,True,True,True,-5.0,-5.0,-10.0,-0.1488095238095238,-0.1197478991596638,-0.26855742296918766
Ludovic Blas,25,Right Winger,France,15000000.0,FC Nantes,20000000,2023,Ligue-1,2022-2023,2023-2024,Nantes,37.0,30.0,2813.0,0.0,7.0,5.0,5.0,2.0,6.0,0.0,0.0,0.0,0.0,Rennes,29.0,18.0,1563.0,0.0,4.0,1.0,3.0,1.0,3.0,0.0,0.0,0.0,0.0,True,True,True,-3.0,-4.0,-8.0,0.0,0.0,0.0
Terem Moffi,24,Centre-Forward,Nigeria,22500000.0,FC Lorient,20000000,2023,Ligue-1,2022-2023,2023-2024,Nice,16.0,15.0,1328.0,0.0,6.0,3.0,6.0,0.0,2.0,0.0,0.0,0.0,0.0,Nice,30.0,23.0,1949.0,0.0,11.0,2.0,8.0,3.0,4.0,0.0,0.0,0.0,0.0,True,True,True,5.0,-1.0,14.0,0.0,0.0,0.0
Mostafa Mohamed,25,Centre-Forward,Egypt,5750000.0,Galatasaray,6000000,2023,Ligue-1,2022-2023,2023-2024,Nantes,36.0,18.0,1939.0,0.0,8.0,2.0,8.0,0.0,1.0,0.0,0.0,0.0,0.0,Nantes,29.0,24.0,2002.0,0.0,8.0,2.0,5.0,3.0,3.0,1.0,0.0,0.0,0.0,True,True,True,0.0,0.0,-7.0,0.0,0.0,0.0
