Player,Age,Nationality,Position,Market_Value,Previous_Club,Transfer_Fee,source_file,league,Club,csvPlayer
Álvaro Morata,27,Spain,Centre-Forward,36000000,Chelsea,35000000.0,La_Liga_2020.csv,La Liga,,
Óscar Rodríguez,22,Spain,Attacking Midfield,15000000,real Madrid,13500000.0,La_Liga_2020.csv,La Liga,,
Luis Suárez,22,Colombia,Centre-Forward,7500000,Watford,10000000.0,La_Liga_2020.csv,La Liga,,
Raúl Guti,23,Spain,Central Midfield,800000,Real Zaragoza,5000000.0,La_Liga_2020.csv,La Liga,,
Edon Zhegrova,22,Kosovo,Right Winger,2000000,FC Basel,7000000.0,Ligue_1_2021.csv,Ligue 1,,
Myron Boadu,20,Netherlands,Centre-Forward,14000000,AZ Alkmaar,17000000.0,Ligue_1_2021.csv,Ligue 1,,
Jean Lucas,23,Brazil,Central Midfield,4500000,Olympique Lyon,11000000.0,Ligue_1_2021.csv,Ligue 1,,
Romain Faivre,23,France,Attacking Midfield,15000000,Stade Brestois 29,15000000.0,Ligue_1_2021.csv,Ligue 1,,
Kamaldeen Sulemana,19,Ghana,Left Winger,9000000,FC Nordsjaelland,17000000.0,Ligue_1_2021.csv,Ligue 1,,
Gaëtan Laborde,27,France,Centre-Forward,15000000,Montpellier HSC,15000000.0,Ligue_1_2021.csv,Ligue 1,,
Lovro Majer,23,Croatia,Attacking Midfield,13000000,Dinamo Zagreb,12000000.0,Ligue_1_2021.csv,Ligue 1,,
Gaël Kakuta,30,DR Congo,Attacking Midfield,8000000,Amiens SC,5000000.0,Ligue_1_2021.csv,Ligue 1,,
Calvin Stengs,22,Netherlands,Attacking Midfield,14000000,AZ Alkmaar,15000000.0,Ligue_1_2021.csv,Ligue 1,,
Andy Delort,29,Algeria,Centre-Forward,16000000,Montpellier HSC,10000000.0,Ligue_1_2021.csv,Ligue 1,,
Billal Brahimi,21,Algeria,Right Winger,1200000,Angers SCO,7000000.0,Ligue_1_2021.csv,Ligue 1,,
Gerson,24,Brazil,Central Midfield,20000000,CR Flamengo,20500000.0,Ligue_1_2021.csv,Ligue 1,,
Metinho,18,DR Congo,Central Midfield,5000000,Fluminense,5000000.0,Ligue_1_2021.csv,Ligue 1,,
Harry Kane,30,England,Centre-Forward,90000000,Tottenham Hotspur,95000000.0,Bundesliga_2023.csv,Bundesliga,,
Felix Nmecha,22,Germany,Central Midfield,15000000,VfL Wolfsburg,30000000.0,Bundesliga_2023.csv,Bundesliga,,
Marcel Sabitzer,29,Austria,Central Midfield,20000000,Bayern Munich,19000000.0,Bundesliga_2023.csv,Bundesliga,,
Niclas Füllkrug,30,Germany,Centre-Forward,13000000,SV Werder Bremen,17250000.0,Bundesliga_2023.csv,Bundesliga,,
Loïs Openda,23,Belgium,Centre-Forward,35000000,RC Lens,40000000.0,Bundesliga_2023.csv,Bundesliga,,
Benjamin Sesko,20,Slovenia,Centre-Forward,24000000,Red Bull Salzburg,31650000.0,Bundesliga_2023.csv,Bundesliga,,
Christoph Baumgartner,23,Austria,Attacking Midfield,24000000,TSG 1899 Hoffenheim,25500000.0,Bundesliga_2023.csv,Bundesliga,,
Eljif Elmas,24,North Macedonia,Attacking Midfield,24000000,SSC Napoli,24000000.0,Bundesliga_2023.csv,Bundesliga,,
Nicolas Seiwald,22,Austria,Central Midfield,20000000,Red Bull Salzburg,20000000.0,Bundesliga_2023.csv,Bundesliga,,
Nathan Tella,24,Nigeria,Right Winger,18000000,Southampton,23300000.0,Bundesliga_2023.csv,Bundesliga,,
Victor Boniface,22,Nigeria,Centre-Forward,12000000,Union Saint-Gilloise,22600000.0,Bundesliga_2023.csv,Bundesliga,,
Jonas Hofmann,30,Germany,Attacking Midfield,13000000,Borussia Mönchengladbach,10000000.0,Bundesliga_2023.csv,Bundesliga,,
Farès Chaïbi,20,Algeria,Attacking Midfield,10000000,FC Toulouse,10000000.0,Bundesliga_2023.csv,Bundesliga,,
Hugo Larsson,19,Sweden,Central Midfield,9000000,Malmö FF,9000000.0,Bundesliga_2023.csv,Bundesliga,,
Jean-Mattéo Bahoya,18,France,Left Winger,2500000,Angers SCO,8000000.0,Bundesliga_2023.csv,Bundesliga,,
Junior Dina Ebimbe,22,France,Right Midfield,10000000,Paris Saint-Germain,6500000.0,Bundesliga_2023.csv,Bundesliga,,
Ansgar Knauff,21,Germany,Right Winger,8000000,Borussia Dortmund,5000000.0,Bundesliga_2023.csv,Bundesliga,,
Lovro Majer,25,Croatia,Attacking Midfield,20000000,Stade Rennais FC,25000000.0,Bundesliga_2023.csv,Bundesliga,,
Tiago Tomás,21,Portugal,Centre-Forward,7000000,Sporting CP,8800000.0,Bundesliga_2023.csv,Bundesliga,,
Vaclav Cerny,25,Czech Republic,Right Winger,8000000,Twente Enschede FC,8000000.0,Bundesliga_2023.csv,Bundesliga,,
Tomas Cvancara,22,Czech Republic,Centre-Forward,4000000,AC Sparta Prague,10500000.0,Bundesliga_2023.csv,Bundesliga,,
Franck Honorat,26,France,Right Winger,10000000,Stade Brestois 29,8000000.0,Bundesliga_2023.csv,Bundesliga,,
Mergim Berisha,25,Germany,Centre-Forward,12000000,FC Augsburg,14000000.0,Bundesliga_2023.csv,Bundesliga,,
Serhou Guirassy,27,Guinea,Centre-Forward,14000000,Stade Rennais FC,9000000.0,Bundesliga_2023.csv,Bundesliga,,
Tanguy Ndombélé,21,France,Central Midfield,25000000,Amiens SC,8000000.0,Ligue_1_2018.csv,Ligue 1,,
Samuel Kalu,20,Nigeria,Right Winger,5000000,KAA Gent,8500000.0,Ligue_1_2018.csv,Ligue 1,,
Rafael Leão,19,Portugal,Left Winger,6000000,Sporting CP,20200000.0,Ligue_1_2018.csv,Ligue 1,,
Jonathan Ikoné,20,France,Right Winger,700000,Paris Saint-Germain,5000000.0,Ligue_1_2018.csv,Ligue 1,,
Moussa Dembélé,22,France,Centre-Forward,7000000,Celtic,22000000.0,Ligue_1_2018.csv,Ligue 1,,
Tanguy Ndombélé,21,France,Central Midfield,25000000,Amiens SC,8000000.0,Ligue_1_2018.csv,Ligue 1,,
Lenny Pintor,18,France,Right Winger,500000,Stade Brestois 29,5000000.0,Ligue_1_2018.csv,Ligue 1,,
Aleksandr Golovin,22,Russia,Attacking Midfield,25000000,CSKA Moscow,30000000.0,Ligue_1_2018.csv,Ligue 1,,
Willem Geubbels,16,France,Centre-Forward,6000000,Olympique Lyon,20000000.0,Ligue_1_2018.csv,Ligue 1,,
Nacer Chadli,29,Belgium,Left Winger,15000000,West Bromwich Albion,12000000.0,Ligue_1_2018.csv,Ligue 1,,
Cesc Fàbregas,31,Spain,Central Midfield,25000000,Chelsea,9000000.0,Ligue_1_2018.csv,Ligue 1,,
Kylian Mbappé,19,France,Centre-Forward,120000000,AS Monaco,180000000.0,Ligue_1_2018.csv,Ligue 1,,
Gonçalo Guedes,21,Portugal,Left Winger,40000000,Valencia,40000000.0,Ligue_1_2018.csv,Ligue 1,,
Javier Pastore,29,Argentina,Attacking Midfield,15000000,AS Roma,24700000.0,Ligue_1_2018.csv,Ligue 1,,
Odsonne Édouard,20,France,Centre-Forward,1500000,Celtic,10300000.0,Ligue_1_2018.csv,Ligue 1,,
Jonathan Ikoné,20,France,Right Winger,700000,LOSC Lille,5000000.0,Ligue_1_2018.csv,Ligue 1,,
Jordan,22,United States,Centre-Forward,2500000,Stade Reims,9000000.0,Ligue_1_2018.csv,Ligue 1,,
Wahbi Khazri,27,Tunisia,Left Winger,10000000,Sunderland,7000000.0,Ligue_1_2018.csv,Ligue 1,,
Rémy Cabella,28,France,Attacking Midfield,9000000,Olympique Marseille,6000000.0,Ligue_1_2018.csv,Ligue 1,,
Thorgan Hazard,26,Belgium,Attacking Midfield,38000000,Borussia Mönchengladbach,25500000.0,Bundesliga_2019.csv,Bundesliga,Borussia Dortmund,
Julian Brandt,23,Germany,Attacking Midfield,50000000,Bayer Leverkusen,25000000.0,Bundesliga_2019.csv,Bundesliga,Borussia Dortmund,
Paco Alcácer,25,Spain,Centre-Forward,37000000,Barcelona,21000000.0,Bundesliga_2019.csv,Bundesliga,Borussia Dortmund,
Erling Haaland,19,Norway,Centre-Forward,45000000,Red Bull Salzburg,20000000.0,Bundesliga_2019.csv,Bundesliga,Borussia Dortmund,
Dani Olmo,21,Spain,Attacking Midfield,35000000,Dinamo Zagreb,34200000.0,Bundesliga_2019.csv,Bundesliga,RB Leipzig,
Christopher Nkunku,21,France,Centre-Forward,12000000,PSG,19500000.0,Bundesliga_2019.csv,Bundesliga,RB Leipzig,
Ademola Lookman,21,England,Second Striker,20000000,Everton,18000000.0,Bundesliga_2019.csv,Bundesliga,RB Leipzig,
Hannes Wolf,20,Austria,Right Winger,12000000,Red Bull Salzburg,12000000.0,Bundesliga_2019.csv,Bundesliga,RB Leipzig,
Kerem Demirbay,25,Germany,Central Midfield,32000000,TSG Hoffenheim,32000000.0,Bundesliga_2019.csv,Bundesliga,Bayer Leverkusen,
Exequiel Palacios,21,Argentina,Central Midfield,25000000,River Plate,17000000.0,Bundesliga_2019.csv,Bundesliga,Bayer Leverkusen,
Moussa Diaby,19,France,Right Winger,12000000,PSG,15000000.0,Bundesliga_2019.csv,Bundesliga,Bayer Leverkusen,
Nadiem Amiri,22,Germany,Central Midfield,17000000,TSG Hoffenheim,10500000.0,Bundesliga_2019.csv,Bundesliga,Bayer Leverkusen,
Breel Embolo,22,Switzerland,Centre-Forward,14000000,FC Schalke 04,11000000.0,Bundesliga_2019.csv,Bundesliga,Borussia Mönchengladbach,
Marcus Thuram,21,France,Centre-Forward,9000000,Guingamp,9000000.0,Bundesliga_2019.csv,Bundesliga,Borussia Mönchengladbach,
Xaver Schlager,21,Austria,Central Midfield,15000000,Red Bull Salzburg,12000000.0,Bundesliga_2019.csv,Bundesliga,VfL Wolfsburg,
Luka Jović,21,Serbia,Centre-Forward,60000000,Benfica,22340000.0,Bundesliga_2019.csv,Bundesliga,Eintracht Frankfurt,
Djibril Sow,22,Switzerland,Central Midfield,9000000,Young Boys,14000000.0,Bundesliga_2019.csv,Bundesliga,Eintracht Frankfurt,
Bas Dost,30,Netherlands,Centre-Forward,17000000,Sporting CP,7000000.0,Bundesliga_2019.csv,Bundesliga,Eintracht Frankfurt,
Filip Kostić,26,Serbia,Left Midfield,22000000,Hamburger SV,6300000.0,Bundesliga_2019.csv,Bundesliga,Eintracht Frankfurt,
Niclas Füllkrug,26,Germany,Centre-Forward,8000000,Hannover 96,6500000.0,Bundesliga_2019.csv,Bundesliga,SV Werder Bremen,
Munas Dabbur,27,Israel,Centre-Forward,10000000,Sevilla FC,12000000.0,Bundesliga_2019.csv,Bundesliga,TSG Hoffenheim,
Robert Skov,23,Denmark,Left Midfield,13000000,FC Copenhagen,10000000.0,Bundesliga_2019.csv,Bundesliga,TSG Hoffenheim,
Ihlas Bebou,25,Togo,Centre-Forward,12000000,Hannover 96,9000000.0,Bundesliga_2019.csv,Bundesliga,TSG Hoffenheim,
Jacob Bruun Larsen,21,Denmark,Left Winger,12000000,Borussia Dortmund,9000000.0,Bundesliga_2019.csv,Bundesliga,TSG Hoffenheim,
Lucas Tousart,22,France,Central Midfield,20000000,Olympique Lyon,25000000.0,Bundesliga_2019.csv,Bundesliga,Hertha BSC,
Krzysztof Piątek,24,Poland,Centre-Forward,32000000,AC Milan,24000000.0,Bundesliga_2019.csv,Bundesliga,Hertha BSC,
Dodi Lukebakio,21,Belgium,Right Winger,18000000,Watford,20000000.0,Bundesliga_2019.csv,Bundesliga,Hertha BSC,
Matheus Cunha,20,Brazil,Second Striker,13000000,RB Leipzig,18000000.0,Bundesliga_2019.csv,Bundesliga,Hertha BSC,
Edward Löwen,22,Germany,Central Midfield,7000000,1.FC Nuremberg,7000000.0,Bundesliga_2019.csv,Bundesliga,Hertha BSC,
Vincenzo Grifo,26,Italy,Left Winger,9000000,TSG Hoffenheim,7000000.0,Bundesliga_2019.csv,Bundesliga,SC Freiburg,
David Kownacki,22,Poland,Centre-Forward,7500000,Sampdoria,6750000.0,Bundesliga_2019.csv,Bundesliga,Fortuna Düsseldorf,
Benito Raman,24,Belgium,Centre-Forward,12000000,Fortuna Düsseldorf,10000000.0,Bundesliga_2019.csv,Bundesliga,FC Schalke 04,
Michael Cuisance,20,France,Central Midfield,5000000,Borussia Mönchengladbach,8000000.0,Bundesliga_2019.csv,Bundesliga,Bayern Munich,
Marcel Sabitzer,27,Austria,Central Midfield,42000000,RB Leipzig,15000000.0,Bundesliga_2021.csv,Bundesliga,Bayern Munich,
Donyell Malen,22,Netherlands,Right Winger,30000000,PSV Eindhoven,30000000.0,Bundesliga_2021.csv,Bundesliga,Borussia Dortmund,
Jonas Wind,22,Denmark,Centre-Forward,7000000,FC Copenhagen,12000000.0,Bundesliga_2021.csv,Bundesliga,VfL Wolfsburg,
Luca Waldschmidt,25,Germany,Centre-Forward,15000000,Benfica,12000000.0,Bundesliga_2021.csv,Bundesliga,VfL Wolfsburg,
Lukas Nmecha,22,Germany,Centre-Forward,12000000,Manchester City,8000000.0,Bundesliga_2021.csv,Bundesliga,VfL Wolfsburg,
Maximilian Philipp,27,Germany,Second Striker,7000000,Dynamo Moscow,7500000.0,Bundesliga_2021.csv,Bundesliga,VfL Wolfsburg,
Aster Vranckx,18,Belgium,Central Midfield,6800000,KV Mechelen,8000000.0,Bundesliga_2021.csv,Bundesliga,VfL Wolfsburg,
Kevin Paredes,18,USA,Left Midfield,4000000,D.C. United,6680000.0,Bundesliga_2021.csv,Bundesliga,VfL Wolfsburg,
Jesper Lindstrøm,21,Denmark,Right Winger,7000000,Brøndby IF,7000000.0,Bundesliga_2021.csv,Bundesliga,Eintracht Frankfurt,
Amine Adli,21,Morocco,Left Winger,6000000,Toulouse,7500000.0,Bundesliga_2021.csv,Bundesliga,Bayer Leverkusen,
Taiwo Awoniyi,23,Nigeria,Centre-Forward,5000000,Liverpool,8550000.0,Bundesliga_2021.csv,Bundesliga,1.FC Union Berlin,
Hannes Wolf,22,Austria,Right Winger,8000000,RB Leipzig,9500000.0,Bundesliga_2021.csv,Bundesliga,Borussia Mönchengladbach,
Ricardo Pepi,18,USA,Centre-Forward,8000000,FC Dallas,16360000.0,Bundesliga_2021.csv,Bundesliga,FC Augsburg,
Suat Serdar,24,Germany,Central Midfield,9000000,FC Schalke 04,8000000.0,Bundesliga_2021.csv,Bundesliga,Hertha BSC,
Marco Richter,23,Germany,Attacking Midfield,5000000,FC Augsburg,7100000.0,Bundesliga_2021.csv,Bundesliga,Hertha BSC,
,25,Brazil,Centre-Forward,50000000,Manchester City,52200000.0,premier_league_2022.csv,Premier League,,Gabriel Jesus
,22,Portugal,Attacking Midfield,25000000,FC Porto,35000000.0,premier_league_2022.csv,Premier League,,Fábio Vieira
,28,Belgium,Left Winger,30000000,Brighton & Hove Albion,24000000.0,premier_league_2022.csv,Premier League,,Leandro Trossard
,19,Colombia,Centre-Forward,6000000,Chicago Fire FC,29500000.0,premier_league_2022.csv,Premier League,,Jhon Durán
,30,Portugal,Attacking Midfield,20000000,FC Barcelona,20000000.0,premier_league_2022.csv,Premier League,,Philippe Coutinho
,20,Burkina Faso,Left Winger,10000000,FC Lorient,22500000.0,premier_league_2022.csv,Premier League,,Dango Ouattara
,23,England,Left Midfield,4500000,Middlesbrough FC,11900000.0,premier_league_2022.csv,Premier League,,Marcus Tavernier
,23,England,Right Winger,3000000,Bristol City,10250000.0,premier_league_2022.csv,Premier League,,Antoine Semenyo
,21,England,Left Midfield,12000000,Hull City,19000000.0,premier_league_2022.csv,Premier League,,Keane Lewis-Potter
,22,Denmark,Attacking Midfield,15000000,UC Sampdoria,15000000.0,premier_league_2022.csv,Premier League,,Mikkel Damsgaard
,18,Paraguay,Attacking Midfield,11000000,Club Libertad Asunción,11600000.0,premier_league_2022.csv,Premier League,,Julio Enciso
,18,Italy,Attacking Midfield,9000000,CA Rosario Central,6000000.0,premier_league_2022.csv,Premier League,,Facundo Buonanotte
,22,Argentina,Central Midfield,55000000,SL Benfica,121000000.0,premier_league_2022.csv,Premier League,,Enzo Fernández
,22,Ukraine,Left Winger,40000000,Shakhtar Donetsk,70000000.0,premier_league_2022.csv,Premier League,,Mykhaylo Mudryk
,27,Jamaica,Right Winger,70000000,Manchester City,56200000.0,premier_league_2022.csv,Premier League,,Raheem Sterling
,20,Nigeria,Right Winger,15000000,PSV Eindhoven,35000000.0,premier_league_2022.csv,Premier League,,Noni Madueke
,18,Nigeria,Central Midfield,6000000,Aston Villa,18000000.0,premier_league_2022.csv,Premier League,,Carney Chukwuemeka
,19,Italy,Central Midfield,1000000,Inter Milan,14860000.0,premier_league_2022.csv,Premier League,,Cesare Casadei
,18,Brazil,Central Midfield,10000000,Clube de Regatas Vasco da Gama,12500000.0,premier_league_2022.csv,Premier League,,Andrey Santos
,33,France,Centre-Forward,15000000,FC Barcelona,12000000.0,premier_league_2022.csv,Premier League,,Pierre-Emerick Aubameyang
,20,Cote d'Ivoire,Centre-Forward,7000000,Molde FK,12000000.0,premier_league_2022.csv,Premier League,,David Datro Fofana
,20,Comoros,Central Midfield,5500000,VfB Stuttgart,12000000.0,premier_league_2022.csv,Premier League,,Naouirou Ahamada
,22,Jamaica,Left Winger,18000000,Burnley FC,17000000.0,premier_league_2022.csv,Premier League,,Dwight McNeil
,26,Argentina,Centre-Forward,18000000,Brighton & Hove Albion,11800000.0,premier_league_2022.csv,Premier League,,Neal Maupay
,26,Serbia,Central Midfield,13000000,Torino FC,9800000.0,premier_league_2022.csv,Premier League,,Saša Lukić
,26,Belgium,Attacking Midfield,7500000,Manchester United,9500000.0,premier_league_2022.csv,Premier League,,Andreas Pereira
,20,Martinique,Centre-Forward,16000000,TSG 1899 Hoffenheim,40500000.0,premier_league_2022.csv,Premier League,,Georginio Rutter
,21,United States,Attacking Midfield,25000000,Red Bull Salzburg,32840000.0,premier_league_2022.csv,Premier League,,Brenden Aaronson
,23,Colombia,Left Winger,25000000,Feyenoord Rotterdam,25000000.0,premier_league_2022.csv,Premier League,,Luis Sinisterra
,23,Uruguay,Centre-Forward,55000000,SL Benfica,85000000.0,premier_league_2022.csv,Premier League,,Darwin Núñez
,23,Togo,Left Winger,60000000,PSV Eindhoven,42000000.0,premier_league_2022.csv,Premier League,,Cody Gakpo
,19,England,Attacking Midfield,12000000,Fulham FC,9400000.0,premier_league_2022.csv,Premier League,,Fábio Carvalho
,21,Norway,Centre-Forward,150000000,Borussia Dortmund,60000000.0,premier_league_2022.csv,Premier League,,Erling Haaland
,22,Brazil,Right Winger,35000000,Ajax Amsterdam,95000000.0,premier_league_2022.csv,Premier League,,Antony
,22,Eritrea,Centre-Forward,30000000,Real Sociedad,77500000.0,premier_league_2022.csv,Premier League,,Alexander Isak
,21,England,Left Winger,40000000,Everton FC,45600000.0,premier_league_2022.csv,Premier League,,Anthony Gordon
,22,Jamaica,Attacking Midfield,11000000,Wolverhampton Wanderers,29500000.0,premier_league_2022.csv,Premier League,,Morgan Gibbs-White
,24,Nigeria,Centre-Forward,20000000,1.FC Union Berlin,20500000.0,premier_league_2022.csv,Premier League,,Taiwo Awoniyi
,24,Nigeria,Centre-Forward,14000000,Watford FC,14800000.0,premier_league_2022.csv,Premier League,,Emmanuel Dennis
,23,England,Central Midfield,3500000,Huddersfield Town,9400000.0,premier_league_2022.csv,Premier League,,Lewis O'Brien
,20,Ghana,Left Winger,18000000,Stade Rennais FC,25000000.0,premier_league_2022.csv,Premier League,,Kamaldeen Sulemana
,28,Nigeria,Centre-Forward,15000000,KRC Genk,18000000.0,premier_league_2022.csv,Premier League,,Paul Onuachu
,20,Argentina,Central Midfield,8500000,Racing Club,13650000.0,premier_league_2022.csv,Premier League,,Carlos Alcaraz
,19,Senegal,Centre-Forward,3000000,FC Girondins Bordeaux,11500000.0,premier_league_2022.csv,Premier League,,Sékou Mara
,25,England,Central Midfield,10000000,Rangers FC,8200000.0,premier_league_2022.csv,Premier League,,Joe Aribo
,19,Nigeria,Left Winger,800000,Manchester City U21,8000000.0,premier_league_2022.csv,Premier League,,Samuel Edozie
,30,Croatia,Left Winger,10000000,GNK Dinamo Zagreb,5750000.0,premier_league_2022.csv,Premier League,,Mislav Orsic
,25,Brazil,Centre-Forward,48000000,Everton FC,58000000.0,premier_league_2022.csv,Premier League,,Richarlison
,25,Portugal,Attacking Midfield,35000000,Olympique Lyon,42950000.0,premier_league_2022.csv,Premier League,,Lucas Paquetá
,23,Italy,Centre-Forward,30000000,US Sassuolo,38600000.0,premier_league_2022.csv,Premier League,,Gianluca Scamacca
,25,France,Left Winger,15000000,Burnley FC,20700000.0,premier_league_2022.csv,Premier League,,Maxwel Cornet
,25,Portugal,Left Winger,40000000,Valencia CF,32600000.0,premier_league_2022.csv,Premier League,,Gonçalo Guedes
,21,Brazil,Central Midfield,15000000,CR Flamengo,18700000.0,premier_league_2022.csv,Premier League,,João Gomes
,25,Austria,Centre-Forward,25000000,VfB Stuttgart,18000000.0,premier_league_2022.csv,Premier League,,Sasa Kalajdzic
,26,Korea South,Centre-Forward,16000000,RB Leipzig,16700000.0,premier_league_2022.csv,Premier League,,Hee-chan Hwang
Thomas Delaney,26,Denmark,Central Midfield,12000000,Werder Bremen,20000000.0,Bundesliga_2018.csv,Bundesliga,Borussia Dortmund,
Paulinho,18,Brazil,Left Winger,25000000,Vasco da Gama,18500000.0,Bundesliga_2018.csv,Bundesliga,Bayer Leverkusen,
Amadou Haidara,20,Mali,Central Midfield,20000000,Red Bull Salzburg,19000000.0,Bundesliga_2018.csv,Bundesliga,RB Leipzig,
Matheus Cunha,19,Brazil,Second Striker,1500000,FC Sion,15000000.0,Bundesliga_2018.csv,Bundesliga,RB Leipzig,
Alassane Pléa,25,France,Centre-Forward,18000000,OGC Nice,23000000.0,Bundesliga_2018.csv,Bundesliga,Borussia Mönchengladbach,
Leonardo Bittencourt,24,Germany,Central Midfield,6000000,1.FC Köln,6000000.0,Bundesliga_2018.csv,Bundesliga,TSG Hoffenheim,
Ishak Belfodil,26,Algeria,Centre-Forward,5500000,Standard Liège,5500000.0,Bundesliga_2018.csv,Bundesliga,TSG Hoffenheim,
Vincenzo Grifo,25,Italy,Left Winger,7500000,Borussia Mönchengladbach,5500000.0,Bundesliga_2018.csv,Bundesliga,TSG Hoffenheim,
Nico González,20,Argentina,Left Winger,5000000,Argentinos Juniors,11260000.0,Bundesliga_2018.csv,Bundesliga,VfB Stuttgart,
Gonzalo Castro,31,Germany,Central Midfield,8000000,Borussia Dortmund,5000000.0,Bundesliga_2018.csv,Bundesliga,VfB Stuttgart,
Davy Klaassen,25,Netherlands,Central Midfield,15000000,Everton,13500000.0,Bundesliga_2018.csv,Bundesliga,SV Werder Bremen,
Jean-Philippe Mateta,21,France,Centre-Forward,2500000,Olympique Lyon,8000000.0,Bundesliga_2018.csv,Bundesliga,1.FSV Mainz 05,
Pierre Kunde,22,Cameroon,Central Midfield,2000000,Atlético Madrid B,7500000.0,Bundesliga_2018.csv,Bundesliga,1.FSV Mainz 05,
Wout Weghorst,25,Netherlands,Centre-Forward,7000000,AZ Alkmaar,10500000.0,Bundesliga_2018.csv,Bundesliga,VfL Wolfsburg,
Daniel Ginczek,27,Germany,Centre-Forward,3500000,VfB Stuttgart,10000000.0,Bundesliga_2018.csv,Bundesliga,VfL Wolfsburg,
Suat Serdar,21,Germany,Central Midfield,7500000,1.FSV Mainz 05,11000000.0,Bundesliga_2018.csv,Bundesliga,FC Schalke 04,
Rabbi Matondo,18,Wales,Right Winger,0,Manchester City U23,9000000.0,Bundesliga_2018.csv,Bundesliga,FC Schalke 04,
Corentin Tolisso,22,France,Central Midfield,22000000,Olympique Lyon,41500000.0,Bundesliga_2017.csv,Bundesliga,Bayern Munich,
Andriy Yarmolenko,27,Ukraine,Right Winger,18000000,Dynamo Kyiv,25000000.0,Bundesliga_2017.csv,Bundesliga,Borussia Dortmund,
Jadon Sancho,17,England,Left Winger,5000000,Manchester City U18,20590000.0,Bundesliga_2017.csv,Bundesliga,Borussia Dortmund,
Maximilian Philipp,23,Germany,Second Striker,15000000,SC Freiburg,20000000.0,Bundesliga_2017.csv,Bundesliga,Borussia Dortmund,
Kingsley Coman,21,France,Left Winger,20000000,Juventus,21000000.0,Bundesliga_2017.csv,Bundesliga,Bayern Munich,
Sandro Wagner,30,Germany,Centre-Forward,9000000,TSG Hoffenheim,13000000.0,Bundesliga_2017.csv,Bundesliga,Bayern Munich,
Jean-Kévin Augustin,20,France,Centre-Forward,3000000,Paris Saint-Germain,16000000.0,Bundesliga_2017.csv,Bundesliga,RB Leipzig,
Bruma,22,Portugal,Left Winger,11000000,Galatasaray,15000000.0,Bundesliga_2017.csv,Bundesliga,RB Leipzig,
Jhon Córdoba,24,Colombia,Centre-Forward,7000000,1.FSV Mainz 05,17000000.0,Bundesliga_2017.csv,Bundesliga,1.FC Köln,
Sébastien Haller,23,France,Centre-Forward,8000000,FC Utrecht,12000000.0,Bundesliga_2017.csv,Bundesliga,Eintracht Frankfurt,
Yevgen Konoplyanka,27,Ukraine,Left Winger,10000000,Sevilla FC,12500000.0,Bundesliga_2017.csv,Bundesliga,FC Schalke 04,
Amine Harit,20,Morocco,Attacking Midfield,2000000,FC Nantes,8000000.0,Bundesliga_2017.csv,Bundesliga,FC Schalke 04,
Serge Gnabry,21,Germany,Second Striker,15000000,SV Werder Bremen,8000000.0,Bundesliga_2017.csv,Bundesliga,Bayern Munich,
Milot Rashica,21,Kosovo,Right Winger,5000000,Vitesse Arnhem,8100000.0,Bundesliga_2017.csv,Bundesliga,SV Werder Bremen,
Lucas Alario,24,Argentina,Centre-Forward,12000000,River Plate,19000000.0,Bundesliga_2017.csv,Bundesliga,Bayer Leverkusen,
Landry Dimata,19,Belgium,Centre-Forward,6500000,KV Oostende,11500000.0,Bundesliga_2017.csv,Bundesliga,VfL Wolfsburg,
Admir Mehmedi,26,Switzerland,Second Striker,3500000,Bayer Leverkusen,8000000.0,Bundesliga_2017.csv,Bundesliga,VfL Wolfsburg,
Chadrac Akolo,22,DR Congo,Centre-Forward,2500000,FC Sion,6000000.0,Bundesliga_2017.csv,Bundesliga,VfB Stuttgart,
Michael Gregoritsch,23,Austria,Centre-Forward,3500000,Hamburger SV,5500000.0,Bundesliga_2017.csv,Bundesliga,FC Augsburg,
Jude Bellingham,20,England,Attacking Midfield,120000000,Dortmund,127000000.0,La_Liga_2023.csv,La Liga,,
Arda Güler,18,Turkey,Attacking Midfield,15000000,Fenerbahçe,26000000.0,La_Liga_2023.csv,La Liga,,
Vitor Roque,18,Brazil,Centre-Forward,40000000,Athletico-PR,30000000.0,La_Liga_2023.csv,La Liga,,
Antoine Griezmann,32,France,Second Striker,25000000,Barcelona,22000000.0,La_Liga_2023.csv,La Liga,,
Anastasios Douvikas,24,Greece,Centre-Forward,9000000,Utrecht,12000000.0,La_Liga_2023.csv,La Liga,,
Luis Suárez,25,Colombia,Centre-Forward,8000000,Marseille,8000000.0,La_Liga_2023.csv,La Liga,,
Pablo Fornals,27,Spain,Central Midfield,17000000,West Ham,8000000.0,La_Liga_2023.csv,La Liga,,
Sergi Darder,29,Spain,Central Midfield,16000000,Espanyol,8000000.0,La_Liga_2023.csv,La Liga,,
Artem Dovbyk,26,Ukraine,Centre-Forward,15000000,SC Dnipro-1,7750000.0,La_Liga_2023.csv,La Liga,,
Cycle Larin,28,Canada,Centre-Forward,8000000,Real Valladolid,7500000.0,La_Liga_2023.csv,La Liga,,
Ibrahima Koné,24,Mali,Centre-Forward,4000000,FC Lorient,7500000.0,La_Liga_2023.csv,La Liga,,
Raúl García,22,Spain,Centre-Forward,4000000,Real Betis,6500000.0,La_Liga_2023.csv,La Liga,,
Johnny Cardoso,22,United States,Central Midfield,6000000,Internacional,6000000.0,La_Liga_2023.csv,La Liga,,
Sergio Arribas,21,Spain,Attacking Midfield,5000000,RM Castilla,6000000.0,La_Liga_2023.csv,La Liga,,
Samu Aghehowa,19,Nigeria,Centre-Forward,200000,Granada CF,6000000.0,La_Liga_2023.csv,La Liga,,
Jhon Solís,18,Colombia,Central Midfield,700000,Atl. Nacional,6000000.0,La_Liga_2023.csv,La Liga,,
Cédric Bakambu,32,DR Congo,Centre-Forward,2800000,Galatasaray,5000000.0,La_Liga_2023.csv,La Liga,,
Yangel Herrera,25,Venezuela,Central Midfield,5000000,Man City,5000000.0,La_Liga_2023.csv,La Liga,,
Sergio Camello,22,Spain,Centre-Forward,10000000,Atlético,5000000.0,La_Liga_2023.csv,La Liga,,
Martin Ødegaard,22,Norway,Attacking Midfield,40000000,Real Madrid,35000000.0,premier_league_2021.csv,Premier League,,
Emiliano Buendía,24,Argentina,Attacking Midfield,35000000,Norwich,38400000.0,premier_league_2021.csv,Premier League,,
Danny Ings,29,England,Centre-Forward,22000000,Southampton,29400000.0,premier_league_2021.csv,Premier League,,
Enock Mwepu,23,Zambia,Central Midfield,13000000,Salzburg,23000000.0,premier_league_2021.csv,Premier League,,
Deniz Undav,25,Germany,Centre-Forward,5000000,Union SG,7000000.0,premier_league_2021.csv,Premier League,,
Wout Weghorst,29,Netherlands,Centre-Forward,20000000,Wolfsburg,17500000.0,premier_league_2021.csv,Premier League,,
Romelu Lukaku,28,Belgium,Centre-Forward,100000000,Inter,113000000.0,premier_league_2021.csv,Premier League,,
Odsonne Édouard,23,France,Centre-Forward,17000000,Celtic,16300000.0,premier_league_2021.csv,Premier League,,
Jean-Philippe Mateta,24,France,Centre-Forward,5000000,Mainz,11000000.0,premier_league_2021.csv,Premier League,,
Will Hughes,26,England,Central Midfield,7000000,Watford,7000000.0,premier_league_2021.csv,Premier League,,
Patson Daka,22,Zambia,Centre-Forward,22000000,Salzburg,30000000.0,premier_league_2021.csv,Premier League,,
Julián Alvarez,22,Argentina,Centre-Forward,20000000,River Plate,21400000.0,premier_league_2021.csv,Premier League,,
Cristiano Ronaldo,36,Portugal,Centre-Forward,45000000,Juventus,17000000.0,premier_league_2021.csv,Premier League,,
Bruno Guimarães,24,Brazil,Central Midfield,30000000,Lyon,42100000.0,premier_league_2021.csv,Premier League,,
Joe Willock,21,England,Central Midfield,16000000,Arsenal,29400000.0,premier_league_2021.csv,Premier League,,
Josh Sargent,21,USA,Centre-Forward,8000000,Werder Bremen,9500000.0,premier_league_2021.csv,Premier League,,
Adam Armstrong,24,England,Centre-Forward,18000000,Blackburn,17700000.0,premier_league_2021.csv,Premier League,,
Rodrigo Bentancur,24,Uruguay,Central Midfield,25000000,Juventus,19000000.0,premier_league_2021.csv,Premier League,,
Pape Matar Sarr,18,Senegal,Central Midfield,10000000,FC Metz,16900000.0,premier_league_2021.csv,Premier League,,
Imrân Louza,22,Morocco,Central Midfield,12000000,FC Nantes,10000000.0,premier_league_2021.csv,Premier League,,
Nikola Vlašić,23,Croatia,Attacking Midfield,30000000,CSKA Moscow,30000000.0,premier_league_2021.csv,Premier League,,
Thomas Lemar,22,France,Attacking Midfield,65000000,Monaco,72000000.0,La_Liga_2018.csv,La Liga,,
Gerard Moreno,26,Spain,Centre-Forward,20000000,Espanyol,20000000.0,La_Liga_2018.csv,La Liga,,
Karl Toko Ekambi,25,Cameroon,Centre-Forward,18000000,Angers SCO,18000000.0,La_Liga_2018.csv,La Liga,,
Fran Beltrán,19,Spain,Central Midfield,2000000,Rayo Vallecano,8000000.0,La_Liga_2018.csv,La Liga,,
Nemanja Maksimovic,23,Serbia,Central Midfield,5000000,Valencia,10000000.0,La_Liga_2018.csv,La Liga,,
Youssef En-Nesyri,21,Morocco,Centre-Forward,6000000,Málaga CF,6000000.0,La_Liga_2018.csv,La Liga,,
Borja Iglesias,25,Spain,Centre-Forward,1000000,Celta de Vigo,10000000.0,La_Liga_2018.csv,La Liga,,
Raphael Dwamena,22,Ghana,Centre-Forward,6000000,FC Zurich,6200000.0,La_Liga_2018.csv,La Liga,,
Sergi Darder,24,Spain,Central Midfield,11000000,Lyon,8000000.0,La_Liga_2018.csv,La Liga,,
Nikola Kalinić,30,Croatia,Centre-Forward,14000000,AC Milan,14500000.0,La_Liga_2018.csv,La Liga,,
Roger Martínez,24,Colombia,Centre-Forward,2500000,JS Suning,14900000.0,La_Liga_2018.csv,La Liga,,
William Carvalho,26,Portugal,Defensive Midfield,25000000,Sporting,18500000.0,La_Liga_2018.csv,La Liga,,
Arturo Vidal,31,Chile,Central Midfield,35000000,Bayern Munich,18000000.0,La_Liga_2018.csv,La Liga,,
Ferran Torres,21,Spain,Centre-Forward,45000000,Man City,55000000.0,La_Liga_2021.csv,La Liga,,
Rodrigo De Paul,27,Argentina,Central Midfield,38000000,Udinese,35000000.0,La_Liga_2021.csv,La Liga,,
Matheus Cunha,22,Brazil,Second Striker,30000000,Hertha BSC,35000000.0,La_Liga_2021.csv,La Liga,,
Eduardo Camavinga,18,France,Central Midfield,55000000,Stade Rennais,31000000.0,La_Liga_2021.csv,La Liga,,
Rafa Mir,24,Spain,Centre-Forward,12000000,Wolves,16000000.0,La_Liga_2021.csv,La Liga,,
Boulaye Dia,24,Senegal,Centre-Forward,14000000,Stade Reims,12000000.0,La_Liga_2021.csv,La Liga,,
Marcos André,24,Brazil,Centre-Forward,3500000,Real Valladolid,8500000.0,La_Liga_2021.csv,La Liga,,
Ante Budimir,29,Croatia,Centre-Forward,9000000,RCD Mallorca,8000000.0,La_Liga_2021.csv,La Liga,,
Matías Arezo,19,Uruguay,Centre-Forward,7000000,River Plate,5700000.0,La_Liga_2021.csv,La Liga,,
Jakub Jankto,25,Czech Republic,Left Midfield,11000000,Sampdoria,5160000.0,La_Liga_2021.csv,La Liga,,
Carles Aleñá,23,Spain,Central Midfield,15000000,Barcelona,5000000.0,La_Liga_2021.csv,La Liga,,
João Félix,19,Portugal,Second Striker,70000000,Benfica,127200000.0,La_Liga_2019.csv,La Liga,,
Frenkie de Jong,22,Netherlands,Central Midfield,85000000,Ajax,86000000.0,La_Liga_2019.csv,La Liga,,
Antoine Griezmann,28,France,Second Striker,130000000,Atlético,120000000.0,La_Liga_2019.csv,La Liga,,
Luka Jović,21,Serbia,Centre-Forward,60000000,Frankfurt,63000000.0,La_Liga_2019.csv,La Liga,,
Pedri,16,Spain,Central Midfield,0,UD Las Palmas,23000000.0,La_Liga_2019.csv,La Liga,,
Reinier,18,Brazil,Attacking Midfield,25000000,Flamengo,30000000.0,La_Liga_2019.csv,La Liga,,
Martin Braithwaite,28,Denmark,Centre-Forward,10000000,CD Leganés,18000000.0,La_Liga_2019.csv,La Liga,,
Raúl de Tomás,25,Spain,Centre-Forward,15000000,Benfica,22500000.0,La_Liga_2019.csv,La Liga,,
Paco Alcácer,26,Spain,Centre-Forward,42000000,Dortmund,25000000.0,La_Liga_2019.csv,La Liga,,
Borja Iglesias,26,Spain,Centre-Forward,28000000,Espanyol,28000000.0,La_Liga_2019.csv,La Liga,,
Nabil Fekir,26,France,Attacking Midfield,60000000,Lyon,19750000.0,La_Liga_2019.csv,La Liga,,
Denis Suárez,25,Spain,Attacking Midfield,12000000,Barcelona,12900000.0,La_Liga_2019.csv,La Liga,,
Alexander Isak,19,Sweden,Centre-Forward,8000000,Dortmund,15000000.0,La_Liga_2019.csv,La Liga,,
Vitinha,22,Portugal,Centre-Forward,15000000,SC Braga,32000000.0,Ligue_1_2022.csv,Ligue 1,,
Amine Gouiri,22,Algeria,Centre-Forward,42000000,OGC Nice,28000000.0,Ligue_1_2022.csv,Ligue 1,,
Arnaud Kalimuendo,20,France,Centre-Forward,18000000,Paris Saint-Germain,20000000.0,Ligue_1_2022.csv,Ligue 1,,
Ibrahim Salah,21,Morocco,Left Winger,800000,KAA Gent,6500000.0,Ligue_1_2022.csv,Ligue 1,,
Sofiane Diop,22,Morocco,Left Winger,20000000,AS Monaco,22000000.0,Ligue_1_2022.csv,Ligue 1,,
Gaëtan Laborde,28,France,Centre-Forward,18000000,Stade Rennais FC,15000000.0,Ligue_1_2022.csv,Ligue 1,,
Loïs Openda,22,Belgium,Centre-Forward,7500000,Club Brugge,15390000.0,Ligue_1_2022.csv,Ligue 1,,
Adam Buksa,25,Poland,Centre-Forward,9000000,New England Revolution,6000000.0,Ligue_1_2022.csv,Ligue 1,,
Mohamed Bayo,24,Guinea,Centre-Forward,12000000,Clermont Foot 63,14000000.0,Ligue_1_2022.csv,Ligue 1,,
Amin Sarr,21,Sweden,Centre-Forward,3500000,SC Heerenveen,11000000.0,Ligue_1_2022.csv,Ligue 1,,
Jeffinho,23,Brazil,Left Winger,1500000,Botafogo,10000000.0,Ligue_1_2022.csv,Ligue 1,,
Junya Ito,29,Japan,Right Winger,7500000,KRC Genk,10000000.0,Ligue_1_2022.csv,Ligue 1,,
Jean-Victor Makengo,24,France,Central Midfield,7500000,Udinese,11000000.0,Ligue_1_2022.csv,Ligue 1,,
Bamba Dieng,22,Senegal,Centre-Forward,8000000,Olympique Marseille,7000000.0,Ligue_1_2022.csv,Ligue 1,,
Joel Mvuka,20,Norway,Right Winger,1300000,FK Bodø/Glimt,5500000.0,Ligue_1_2022.csv,Ligue 1,,
Savinho,18,Brazil,Left Winger,6000000,Atlético Mineiro,6500000.0,Ligue_1_2022.csv,Ligue 1,,
Charles De Ketelaere,21,Belgium,Attacking Midfield,30000000,Club Brugge,37500000.0,Serie_A_2022.csv,Serie A,,
Junior Messias,31,Brazil,Right Winger,6000000,Crotone,6200000.0,Serie_A_2022.csv,Serie A,,
Joaquín Correa,27,Argentina,Second Striker,23000000,Lazio,27300000.0,Serie_A_2022.csv,Serie A,,
Frank Anguissa,26,Cameroon,Central Midfield,30000000,Fulham,16000000.0,Serie_A_2022.csv,Serie A,,
Khvicha Kvaratskhelia,21,Georgia,Left Winger,15000000,Dinamo Batumi,13300000.0,Serie_A_2022.csv,Serie A,,
Federico Chiesa,24,Italy,Right Winger,65000000,Fiorentina,44600000.0,Serie_A_2022.csv,Serie A,,
Filip Kostić,29,Serbia,Left Midfield,24000000,Frankfurt,14700000.0,Serie_A_2022.csv,Serie A,,
Marcos Antônio,22,Brazil,Central Midfield,8000000,Shakhtar D.,7500000.0,Serie_A_2022.csv,Serie A,,
Mattia Zaccagni,27,Italy,Left Winger,18000000,Hellas Verona,7100000.0,Serie_A_2022.csv,Serie A,,
Antonín Barák,28,Czech Republic,Attacking Midfield,12000000,Hellas Verona,7860000.0,Serie_A_2022.csv,Serie A,,
Éderson,22,Brazil,Central Midfield,13000000,Salernitana,22900000.0,Serie_A_2022.csv,Serie A,,
Jérémie Boga,25,Ivory Coast,Left Winger,19000000,Sassuolo,22000000.0,Serie_A_2022.csv,Serie A,,
Rasmus Højlund,19,Denmark,Centre-Forward,4500000,Sturm Graz,21000000.0,Serie_A_2022.csv,Serie A,,
Ademola Lookman,24,England,Second Striker,10000000,Leipzig,10850000.0,Serie_A_2022.csv,Serie A,,
Giovanni Simeone,26,Argentina,Centre-Forward,17000000,Cagliari,10500000.0,Serie_A_2022.csv,Serie A,,
Thomas Henry,27,France,Centre-Forward,5000000,Venice,5230000.0,Serie_A_2022.csv,Serie A,,
Gianluca Caprari,28,Italy,Second Striker,10000000,Sampdoria,5000000.0,Serie_A_2022.csv,Serie A,,
Agustín Álvarez,21,Uruguay,Centre-Forward,4000000,Peñarol,12000000.0,Serie_A_2022.csv,Serie A,,
Kristian Thorstvedt,23,Norway,Attacking Midfield,5000000,Genk,10150000.0,Serie_A_2022.csv,Serie A,,
Armand Laurienté,23,France,Left Winger,7000000,FC Lorient,10100000.0,Serie_A_2022.csv,Serie A,,
Matheus Henrique,24,Brazil,Central Midfield,11000000,Grêmio,7000000.0,Serie_A_2022.csv,Serie A,,
Janis Antiste,20,France,Centre-Forward,4000000,Spezia Calcio,5680000.0,Serie_A_2022.csv,Serie A,,
Beto,24,Portugal,Centre-Forward,10000000,Portimonense,15000000.0,Serie_A_2022.csv,Serie A,,
Matheus Martins,19,Brazil,Left Winger,7000000,Fluminense,6000000.0,Serie_A_2022.csv,Serie A,,
Joshua Zirkzee,21,Netherlands,Centre-Forward,11000000,Bayern Munich,27500000.0,Serie_A_2022.csv,Serie A,,
Federico Bonazzoli,25,Italy,Centre-Forward,5000000,Sampdoria,5000000.0,Serie_A_2022.csv,Serie A,,
Cyriel Dessers,27,Nigeria,Centre-Forward,6000000,Genk,6500000.0,Serie_A_2022.csv,Serie A,,
Felix Afena-Gyan,19,Ghana,Left Winger,6000000,Roma,6000000.0,Serie_A_2022.csv,Serie A,,
Andrea Colpani,23,Italy,Attacking Midfield,2400000,Atalanta,11000000.0,Serie_A_2022.csv,Serie A,,
Kai Havertz,24,Germany,Centre-Forward,55000000,Chelsea FC,75000000.0,premier_league_2023.csv,Premier League,,
Folarin Balogun,22,England,Centre-Forward,30000000,AS Monaco,30000000.0,premier_league_2023.csv,Premier League,,
Morgan Rogers,21,England,Attacking Midfield,2800000,Middlesbrough FC,9400000.0,premier_league_2023.csv,Premier League,,
Alex Scott,19,Guernsey,Central Midfield,20000000,Bristol City,23000000.0,premier_league_2023.csv,Premier League,,
Justin Kluivert,24,Suriname,Attacking Midfield,14000000,AS Roma,10800000.0,premier_league_2023.csv,Premier League,,
João Pedro,21,Brazil,Centre-Forward,32000000,Watford FC,34200000.0,premier_league_2023.csv,Premier League,,
Valentin Barco,19,Argentina,Central Midfield,13000000,CA Boca Juniors,9150000.0,premier_league_2023.csv,Premier League,,
Alexis Mac Allister,24,Italy,Central Midfield,65000000,Brighton & Hove Albion,42000000.0,premier_league_2023.csv,Premier League,,
Zeki Amdouni,22,Turkey,Centre-Forward,10000000,FC Basel 1893,18600000.0,premier_league_2023.csv,Premier League,,
Aaron Ramsey,20,England,Attacking Midfield,5000000,Aston Villa U21,16450000.0,premier_league_2023.csv,Premier League,,
Christopher Nkunku,25,DR Congo,Centre-Forward,80000000,RB Leipzig,60000000.0,premier_league_2023.csv,Premier League,,
Cole Palmer,21,St. Kitts & Nevis,Attacking Midfield,18000000,Manchester City,47000000.0,premier_league_2023.csv,Premier League,,
Nicolas Jackson,22,The Gambia,Centre-Forward,30000000,Villarreal CF,37000000.0,premier_league_2023.csv,Premier League,,
David Washington,18,Brazil,Centre-Forward,4000000,Santos FC,16000000.0,premier_league_2023.csv,Premier League,,
Mason Mount,24,England,Attacking Midfield,60000000,Arsenal FC,67700000.0,premier_league_2023.csv,Premier League,,
Mateo Kovacic,29,Croatia,Central Midfield,38000000,Manchester City,29100000.0,premier_league_2023.csv,Premier League,,
Ruben Loftus-Cheek,27,Guyana,Central Midfield,25000000,Chelsea FC,18900000.0,premier_league_2023.csv,Premier League,,
Matheus França,19,Brazil,Attacking Midfield,9000000,CR Flamengo,20000000.0,premier_league_2023.csv,Premier League,,
Beto,25,Portugal,Centre-Forward,25000000,Udinese Calcio,25000000.0,premier_league_2023.csv,Premier League,,
Youssef Chermiti,19,Tunisia,Centre-Forward,3000000,Sporting CP,12500000.0,premier_league_2023.csv,Premier League,,
Dominik Szoboszlai,22,Hungary,Attacking Midfield,50000000,RB Leipzig,70000000.0,premier_league_2023.csv,Premier League,,
Claudio Echeverri,18,Argentina,Attacking Midfield,12000000,CA River Plate,18500000.0,premier_league_2023.csv,Premier League,,
Rasmus Højlund,20,Denmark,Centre-Forward,45000000,Atalanta BC,77800000.0,premier_league_2023.csv,Premier League,,
Gustavo Hamer,26,Brazil,Central Midfield,8000000,Coventry City,17300000.0,premier_league_2023.csv,Premier League,,
James Maddison,26,England,Attacking Midfield,60000000,Leicester City,46300000.0,premier_league_2023.csv,Premier League,,
Dejan Kulusevski,23,North Macedonia,Attacking Midfield,50000000,Juventus FC,30000000.0,premier_league_2023.csv,Premier League,,
Alejo Veliz,19,Argentina,Centre-Forward,7000000,CA Rosario Central,15000000.0,premier_league_2023.csv,Premier League,,
Nikola Vlašić,25,Croatia,Attacking Midfield,17000000,West Ham United,10600000.0,premier_league_2023.csv,Premier League,,
Matheus Cunha,24,Brazil,Second Striker,25000000,Atlético de Madrid,50000000.0,premier_league_2023.csv,Premier League,,
Jean-Ricner Bellegarde,25,France,Central Midfield,10000000,RC Strasbourg Alsace,15000000.0,premier_league_2023.csv,Premier League,,
Fred,25,Brazil,Central Midfield,32000000,Shakhtar D.,59000000.0,premier_league_2018.csv,Premier League,,
Xherdan Shaqiri,26,Switzerland,Attacking Midfield,18000000,Stoke City,14700000.0,premier_league_2018.csv,Premier League,,
Richarlison,21,Brazil,Centre-Forward,25000000,Watford,39200000.0,premier_league_2018.csv,Premier League,,
James Maddison,21,England,Attacking Midfield,10000000,Norwich,25000000.0,premier_league_2018.csv,Premier League,,
Yoshinori Muto,26,Japan,Centre-Forward,6000000,Mainz,10700000.0,premier_league_2018.csv,Premier League,,
Gerard Deulofeu,24,Spain,Centre-Forward,14000000,Barcelona,13000000.0,premier_league_2018.csv,Premier League,,
Alexis Mac Allister,20,Argentina,Central Midfield,5000000,Argentinos Jrs.,8000000.0,premier_league_2018.csv,Premier League,,
Florin Andone,25,Romania,Centre-Forward,6000000,Dep. La Coruña,6000000.0,premier_league_2018.csv,Premier League,,
Adama Diakhaby,22,France,Attacking Midfield,5000000,Monaco,10000000.0,premier_league_2018.csv,Premier League,,
Ramadan Sobhi,21,Egypt,Attacking Midfield,7000000,Stoke City,6500000.0,premier_league_2018.csv,Premier League,,
Mohamed Elyounoussi,23,Norway,Second Striker,8500000,Basel,18000000.0,premier_league_2018.csv,Premier League,,
Stuart Armstrong,26,Scotland,Central Midfield,2000000,Celtic,7950000.0,premier_league_2018.csv,Premier League,,
João Moutinho,31,Portugal,Central Midfield,10000000,Monaco,5600000.0,premier_league_2018.csv,Premier League,,
Aleksandar Mitrović,23,Serbia,Centre-Forward,15000000,Newcastle,24700000.0,premier_league_2018.csv,Premier League,,
Bruno Fernandes,25,Portugal,Attacking Midfield,60000000,Sporting,65000000.0,premier_league_2019.csv,Premier League,,
Raúl Jiménez,28,Mexico,Centre-Forward,35000000,Benfica,38000000.0,premier_league_2019.csv,Premier League,,
Patrick Cutrone,21,Italy,Centre-Forward,28000000,AC Milan,18000000.0,premier_league_2019.csv,Premier League,,
Moise Kean,19,Italy,Centre-Forward,40000000,Juventus,27500000.0,premier_league_2019.csv,Premier League,,
André Gomes,25,Portugal,Central Midfield,28000000,Barcelona,25000000.0,premier_league_2019.csv,Premier League,,
Youri Tielemans,22,Belgium,Central Midfield,38000000,Monaco,45000000.0,premier_league_2019.csv,Premier League,,
Ayoze Pérez,25,Spain,Centre-Forward,20000000,Newcastle,33400000.0,premier_league_2019.csv,Premier League,,
Dennis Praet,25,Belgium,Central Midfield,24000000,Sampdoria,19200000.0,premier_league_2019.csv,Premier League,,
Sébastien Haller,25,Ivory Coast,Centre-Forward,40000000,Frankfurt,50000000.0,premier_league_2019.csv,Premier League,,
Pablo Fornals,23,Spain,Central Midfield,25000000,Villarreal,28000000.0,premier_league_2019.csv,Premier League,,
Albian Ajeti,22,Switzerland,Centre-Forward,7000000,Basel,11300000.0,premier_league_2019.csv,Premier League,,
João Pedro,18,Brazil,Centre-Forward,20000000,Fluminense,11500000.0,premier_league_2019.csv,Premier League,,
Ignacio Pussetto,24,Argentina,Centre-Forward,8000000,Udinese,8500000.0,premier_league_2019.csv,Premier League,,
Joelinton,22,Brazil,Central Midfield,35000000,Hoffenheim,43500000.0,premier_league_2019.csv,Premier League,,
Philip Billing,23,Denmark,Central Midfield,7000000,Huddersfield,16500000.0,premier_league_2019.csv,Premier League,,
Danny Ings,26,England,Centre-Forward,15000000,Liverpool,25100000.0,premier_league_2019.csv,Premier League,,
Che Adams,22,England,Centre-Forward,7000000,Birmingham,16700000.0,premier_league_2019.csv,Premier League,,
Neal Maupay,22,France,Centre-Forward,12000000,Brentford,15560000.0,premier_league_2019.csv,Premier League,,
Oli McBurnie,23,Scotland,Centre-Forward,8000000,Swansea,19100000.0,premier_league_2019.csv,Premier League,,
Lys Mousset,23,France,Centre-Forward,3500000,Bournemouth,11100000.0,premier_league_2019.csv,Premier League,,
Callum Robinson,24,Ireland,Centre-Forward,4500000,Preston,7800000.0,premier_league_2019.csv,Premier League,,
Luke Freeman,27,England,Attacking Midfield,3500000,QPR,5600000.0,premier_league_2019.csv,Premier League,,
Wesley Moraes,22,Brazil,Centre-Forward,20000000,Club Brugge,25000000.0,premier_league_2019.csv,Premier League,,
Ally Samatta,27,Tanzania,Centre-Forward,12000000,Genk,10500000.0,premier_league_2019.csv,Premier League,,
Tanguy Ndombélé,22,France,Central Midfield,65000000,Lyon,62000000.0,premier_league_2019.csv,Premier League,,
Serhou Guirassy,23,Guinea,Centre-Forward,3500000,1.FC Köln,6000000.0,Ligue_1_2019.csv,Ligue 1,,
Victor Osimhen,20,Nigeria,Centre-Forward,13000000,Royal Charleroi SC,22400000.0,Ligue_1_2019.csv,Ligue 1,,
Renato Sanches,22,Portugal,Central Midfield,18000000,Bayern Munich,20000000.0,Ligue_1_2019.csv,Ligue 1,,
Yusuf Yazıcı,22,Turkey,Attacking Midfield,13000000,Trabzonspor,18500000.0,Ligue_1_2019.csv,Ligue 1,,
Timothy Weah,19,United States,Right Winger,6000000,Paris Saint-Germain,10000000.0,Ligue_1_2019.csv,Ligue 1,,
Jeff Reine-Adélaïde,21,France,Attacking Midfield,11000000,Angers SCO,25000000.0,Ligue_1_2019.csv,Ligue 1,,
Bruno Guimarães,22,Brazil,Central Midfield,20000000,Athletico Paranaense,20000000.0,Ligue_1_2019.csv,Ligue 1,,
Tino Kadewere,24,Zimbabwe,Centre-Forward,4000000,Le Havre AC,12000000.0,Ligue_1_2019.csv,Ligue 1,,
Jean Lucas,21,Brazil,Central Midfield,1000000,CR Flamengo,8000000.0,Ligue_1_2019.csv,Ligue 1,,
Wissam Ben Yedder,29,France,Centre-Forward,40000000,Sevilla,40000000.0,Ligue_1_2019.csv,Ligue 1,,
Gelson Martins,24,Portugal,Right Winger,28000000,Atlético Madrid,30000000.0,Ligue_1_2019.csv,Ligue 1,,
Henry Onyekuru,22,Nigeria,Left Winger,13000000,Everton,13500000.0,Ligue_1_2019.csv,Ligue 1,,
Téji Savanier,27,France,Attacking Midfield,12000000,Nîmes Olympique,9500000.0,Ligue_1_2019.csv,Ligue 1,,
Ludovic Blas,21,France,Right Winger,5000000,EA Guingamp,8000000.0,Ligue_1_2019.csv,Ligue 1,,
Kasper Dolberg,21,Denmark,Centre-Forward,18000000,Ajax,20500000.0,Ligue_1_2019.csv,Ligue 1,,
Alexis Claude-Maurice,21,France,Attacking Midfield,7500000,FC Lorient,13000000.0,Ligue_1_2019.csv,Ligue 1,,
Pablo Sarabia,27,Spain,Right Winger,40000000,Sevilla,18000000.0,Ligue_1_2019.csv,Ligue 1,,
Raphinha,22,Brazil,Left Winger,8000000,Sporting CP,21000000.0,Ligue_1_2019.csv,Ligue 1,,
M'Baye Niang,24,Senegal,Centre-Forward,12000000,Torino,15000000.0,Ligue_1_2019.csv,Ligue 1,,
Flavien Tait,26,France,Central Midfield,8000000,Angers SCO,9000000.0,Ligue_1_2019.csv,Ligue 1,,
Wesley Saïd,24,France,Centre-Forward,6000000,Dijon FCO,8000000.0,Ligue_1_2019.csv,Ligue 1,,
Rémi Oudin,23,France,Attacking Midfield,11000000,Stade Reims,10000000.0,Ligue_1_2019.csv,Ligue 1,,
Ousmane Dembélé,20,France,Centre-Forward,33000000,Dortmund,148000000.0,La_Liga_2017.csv,La Liga,,
Philippe Coutinho,25,Brazil,Attacking Midfield,90000000,Liverpool,135000000.0,La_Liga_2017.csv,La Liga,,
Paulinho,29,Brazil,Central Midfield,15000000,GZ Evergrande,40000000.0,La_Liga_2017.csv,La Liga,,
Diego Costa,29,Spain,Centre-Forward,50000000,Chelsea,60000000.0,La_Liga_2017.csv,La Liga,,
Vitolo,27,Spain,Left Winger,25000000,Sevilla FC,35600000.0,La_Liga_2017.csv,La Liga,,
Enes Ünal,20,Turkey,Centre-Forward,10000000,Man City,14000000.0,La_Liga_2017.csv,La Liga,,
Emre Mor,20,Turkey,Right Winger,5000000,Dortmund,13000000.0,La_Liga_2017.csv,La Liga,,
Pablo Fornals,21,Spain,Central Midfield,10000000,Málaga CF,12000000.0,La_Liga_2017.csv,La Liga,,
Simone Zaza,26,Italy,Centre-Forward,15000000,Juventus,16000000.0,La_Liga_2017.csv,La Liga,,
Luis Muriel,26,Colombia,Centre-Forward,17000000,Sampdoria,24500000.0,La_Liga_2017.csv,La Liga,,
Éver Banega,29,Argentina,Central Midfield,16000000,Inter,7000000.0,La_Liga_2017.csv,La Liga,,
Nolito,30,Spain,Left Winger,12000000,Man City,7000000.0,La_Liga_2017.csv,La Liga,,
Ryad Boudebouz,27,Algeria,Attacking Midfield,10000000,Montpellier,7000000.0,La_Liga_2017.csv,La Liga,,
Víctor Camarasa,23,Spain,Central Midfield,5000000,Levante,7000000.0,La_Liga_2017.csv,La Liga,,
Dani Ceballos,20,Spain,Central Midfield,10000000,Real Betis,16500000.0,La_Liga_2017.csv,La Liga,,
Leroy Sané,24,Germany,Right Winger,80000000,Manchester City,49000000.0,Bundesliga_2020.csv,Bundesliga,Bayern Munich,
Dominik Szoboszlai,20,Hungary,Attacking Midfield,25000000,Red Bull Salzburg,36000000.0,Bundesliga_2020.csv,Bundesliga,RB Leipzig,
Jude Bellingham,17,England,Attacking Midfield,11000000,Birmingham City,30150000.0,Bundesliga_2020.csv,Bundesliga,Borussia Dortmund,
Patrik Schick,24,Czech Republic,Centre-Forward,25000000,AS Roma,26500000.0,Bundesliga_2020.csv,Bundesliga,Bayer Leverkusen,
Alexander Sørloth,24,Norway,Centre-Forward,20000000,Crystal Palace,20000000.0,Bundesliga_2020.csv,Bundesliga,RB Leipzig,
Jhon Córdoba,27,Colombia,Centre-Forward,12000000,1.FC Köln,15000000.0,Bundesliga_2020.csv,Bundesliga,Hertha BSC,
Hee-chan Hwang,24,South Korea,Centre-Forward,10000000,Red Bull Salzburg,12000000.0,Bundesliga_2020.csv,Bundesliga,RB Leipzig,
Leonardo Bittencourt,26,Germany,Central Midfield,4800000,TSG Hoffenheim,7000000.0,Bundesliga_2020.csv,Bundesliga,SV Werder Bremen,
Sebastian Andersson,29,Sweden,Centre-Forward,7000000,1.FC Union Berlin,6500000.0,Bundesliga_2020.csv,Bundesliga,1.FC Köln,
Ondrej Duda,25,Slovakia,Central Midfield,7000000,Hertha BSC,7000000.0,Bundesliga_2020.csv,Bundesliga,1.FC Köln,
Bartosz Bialek,18,Poland,Centre-Forward,3000000,Zagłębie Lubin,5000000.0,Bundesliga_2020.csv,Bundesliga,VfL Wolfsburg,
Robert Lewandowski,33,Poland,Centre-Forward,45000000,Bayern Munich,45000000.0,La_Liga_2022.csv,La Liga,,
Umar Sadiq,25,Nigeria,Centre-Forward,18000000,UD Almería,20000000.0,La_Liga_2022.csv,La Liga,,
Brais Méndez,25,Spain,Attacking Midfield,18000000,Celta de Vigo,14000000.0,La_Liga_2022.csv,La Liga,,
William José,30,Brazil,Centre-Forward,12000000,Real Sociedad,10000000.0,La_Liga_2022.csv,La Liga,,
Raúl de Tomás,27,Spain,Centre-Forward,25000000,Espanyol,11000000.0,La_Liga_2022.csv,La Liga,,
Borja Mayoral,25,Spain,Centre-Forward,9000000,real Madrid,10000000.0,La_Liga_2022.csv,La Liga,,
Jørgen Strand Larsen,22,Norway,Centre-Forward,6000000,FC Groningen,15040000.0,La_Liga_2022.csv,La Liga,,
Vedat Muriqi,28,Kosovo,Centre-Forward,7000000,Lazio,8020000.0,La_Liga_2022.csv,La Liga,,
El Bilal Touré,20,Mali,Centre-Forward,6500000,Stade Reims,8000000.0,La_Liga_2022.csv,La Liga,,
André Almeida,22,Portugal,Attacking Midfield,5000000,Vit. Guimarães,8000000.0,La_Liga_2022.csv,La Liga,,
Pablo Torre,19,Spain,Attacking Midfield,3000000,Racing,6000000.0,La_Liga_2022.csv,La Liga,,
Jesper Lindstrøm,23,Denmark,Right Winger,28000000,Frankfurt,30000000.0,Serie_A_2023.csv,Serie A,,
Giacomo Raspadori,23,Italy,Second Striker,35000000,Sassuolo,28000000.0,Serie_A_2023.csv,Serie A,,
El Bilal Touré,21,Mali,Centre-Forward,12000000,UD Almería,30200000.0,Serie_A_2023.csv,Serie A,,
Gianluca Scamacca,24,Italy,Centre-Forward,22000000,West Ham,28000000.0,Serie_A_2023.csv,Serie A,,
Moise Kean,23,Italy,Centre-Forward,18000000,Everton,30000000.0,Serie_A_2023.csv,Serie A,,
Tijjani Reijnders,24,Netherlands,Central Midfield,14000000,AZ Alkmaar,24800000.0,Serie_A_2023.csv,Serie A,,
Yunus Musah,20,USA,Central Midfield,18000000,Valencia,21200000.0,Serie_A_2023.csv,Serie A,,
Samuel Chukwueze,24,Nigeria,Right Winger,25000000,Villarreal,21100000.0,Serie_A_2023.csv,Serie A,,
Christian Pulisic,24,USA,Right Winger,25000000,Chelsea,20800000.0,Serie_A_2023.csv,Serie A,,
Cyril Ngonge,23,Belgium,Right Winger,6000000,Hellas Verona,20000000.0,Serie_A_2023.csv,Serie A,,
Andrea Pinamonti,24,Italy,Centre-Forward,15000000,Inter,20000000.0,Serie_A_2023.csv,Serie A,,
Ruben Loftus-Cheek,27,England,Central Midfield,25000000,Chelsea,18900000.0,Serie_A_2023.csv,Serie A,,
Dan Ndoye,22,Switzerland,Right Winger,3500000,Basel,16450000.0,Serie_A_2023.csv,Serie A,,
Mateo Retegui,24,Italy,Centre-Forward,16000000,Tigre,15250000.0,Serie_A_2023.csv,Serie A,,
Taty Castellanos,24,Argentina,Centre-Forward,15000000,New York City,15000000.0,Serie_A_2023.csv,Serie A,,
Noah Okafor,23,Switzerland,Left Winger,20000000,Salzburg,15500000.0,Serie_A_2023.csv,Serie A,,
Ivan Ilić,22,Serbia,Central Midfield,19000000,Hellas Verona,16500000.0,Serie_A_2023.csv,Serie A,,
Boulaye Dia,26,Senegal,Centre-Forward,25000000,Villarreal,14400000.0,Serie_A_2023.csv,Serie A,,
Gustav Isaksen,22,Denmark,Right Winger,7500000,Midtjylland,13400000.0,Serie_A_2023.csv,Serie A,,
Santiago Castro,19,Argentina,Centre-Forward,7000000,Vélez Sarsfield,13200000.0,Serie_A_2023.csv,Serie A,,
Lucas Beltrán,22,Argentina,Attacking Midfield,12000000,River Plate,12600000.0,Serie_A_2023.csv,Serie A,,
M'Bala Nzola,26,Angola,Centre-Forward,8000000,Spezia Calcio,12600000.0,Serie_A_2023.csv,Serie A,,
Giovanni Simeone,27,Argentina,Centre-Forward,15000000,Hellas Verona,12000000.0,Serie_A_2023.csv,Serie A,,
Matteo Pessina,26,Italy,Central Midfield,15000000,Atalanta,12000000.0,Serie_A_2023.csv,Serie A,,
Tommaso Baldanzi,20,Italy,Attacking Midfield,15000000,FC Empoli,11500000.0,Serie_A_2023.csv,Serie A,,
Jesper Karlsson,25,Sweden,Left Winger,18000000,AZ Alkmaar,11150000.0,Serie_A_2023.csv,Serie A,,
Timothy Weah,23,USA,Right Winger,14000000,Lille,11000000.0,Serie_A_2023.csv,Serie A,,
Nikola Vlašić,25,Croatia,Attacking Midfield,17000000,West Ham,10600000.0,Serie_A_2023.csv,Serie A,,
Brenner,23,Brazil,Centre-Forward,8000000,Cincinnati,10000000.0,Serie_A_2023.csv,Serie A,,
Andrea Petagna,28,Italy,Centre-Forward,10000000,Napoli,9700000.0,Serie_A_2023.csv,Serie A,,
Mitchel Bakker,23,Netherlands,Left Midfield,9000000,Leverkusen,8800000.0,Serie_A_2023.csv,Serie A,,
Matteo Cancellieri,21,Italy,Right Winger,5000000,Hellas Verona,8500000.0,Serie_A_2023.csv,Serie A,,
Nikola Krstović,23,Montenegro,Centre-Forward,2200000,Dunajska Streda,8150000.0,Serie_A_2023.csv,Serie A,,
Gianluca Caprari,29,Italy,Second Striker,8000000,Hellas Verona,8000000.0,Serie_A_2023.csv,Serie A,,
Ruslan Malinovskyi,30,Ukraine,Attacking Midfield,10000000,Marseille,7700000.0,Serie_A_2023.csv,Serie A,,
Cristian Volpato,19,Italy,Attacking Midfield,3000000,Roma,7500000.0,Serie_A_2023.csv,Serie A,,
Tajon Buchanan,24,Canada,Right Winger,8000000,Club Brugge,7000000.0,Serie_A_2023.csv,Serie A,,
Victor Osimhen,21,Nigeria,Centre-Forward,40000000,Lille,78900000.0,Serie_A_2020.csv,Serie A,,
Vedat Muriqi,26,Kosovo,Centre-Forward,12000000,Fenerbahçe,21000000.0,Serie_A_2020.csv,Serie A,,
Nicolò Barella,23,Italy,Central Midfield,50000000,Cagliari,32500000.0,Serie_A_2020.csv,Serie A,,
Stefano Sensi,25,Italy,Central Midfield,20000000,Sassuolo,25000000.0,Serie_A_2020.csv,Serie A,,
Christian Kouamé,22,Ivory Coast,Centre-Forward,17500000,Genoa,15500000.0,Serie_A_2020.csv,Serie A,,
Alfred Duncan,27,Ghana,Central Midfield,15000000,Sassuolo,15000000.0,Serie_A_2020.csv,Serie A,,
Marko Rog,25,Croatia,Central Midfield,13000000,Napoli,15000000.0,Serie_A_2020.csv,Serie A,,
Giovanni Simeone,25,Argentina,Centre-Forward,15000000,Fiorentina,13000000.0,Serie_A_2020.csv,Serie A,,
Grégoire Defrel,29,France,Centre-Forward,8000000,Roma,11000000.0,Serie_A_2020.csv,Serie A,,
Mikkel Damsgaard,20,Denmark,Attacking Midfield,6500000,Nordsjælland,6750000.0,Serie_A_2020.csv,Serie A,,
Hernani,26,Brazil,Central Midfield,5500000,Zenit,6470000.0,Serie_A_2020.csv,Serie A,,
Simon Sohm,19,Switzerland,Central Midfield,1100000,FC Zurich,6400000.0,Serie_A_2020.csv,Serie A,,
Federico Bernardeschi,23,Italy,Right Winger,30000000,Fiorentina,40000000.0,Serie_A_2017.csv,Serie A,,
André Silva,21,Portugal,Centre-Forward,22000000,Porto,38000000.0,Serie_A_2017.csv,Serie A,,
Hakan Çalhanoğlu,23,Turkey,Attacking Midfield,20000000,Leverkusen,23300000.0,Serie_A_2017.csv,Serie A,,
Matías Vecino,25,Uruguay,Central Midfield,13000000,Fiorentina,24000000.0,Serie_A_2017.csv,Serie A,,
Blaise Matuidi,30,France,Central Midfield,30000000,PSG,25000000.0,Serie_A_2017.csv,Serie A,,
Rodrigo Bentancur,20,Uruguay,Central Midfield,6000000,Boca Juniors,23500000.0,Serie_A_2017.csv,Serie A,,
Roberto Gagliardini,23,Italy,Central Midfield,15000000,Atalanta,20500000.0,Serie_A_2017.csv,Serie A,,
Juan Cuadrado,29,Colombia,Right Midfield,25000000,Chelsea,20000000.0,Serie_A_2017.csv,Serie A,,
Cengiz Ünder,20,Turkey,Right Winger,5000000,Basaksehir,14250000.0,Serie_A_2017.csv,Serie A,,
Marco Benassi,22,Italy,Central Midfield,9500000,Torino,12000000.0,Serie_A_2017.csv,Serie A,,
Lorenzo Pellegrini,21,Italy,Attacking Midfield,12000000,Sassuolo,10000000.0,Serie_A_2017.csv,Serie A,,
Leonardo Pavoletti,28,Italy,Centre-Forward,11000000,Napoli,9800000.0,Serie_A_2017.csv,Serie A,,
Marko Rog,21,Croatia,Central Midfield,10000000,Dinamo Zagreb,13500000.0,Serie_A_2017.csv,Serie A,,
Roberto Inglese,25,Italy,Centre-Forward,4500000,Chievo Verona,12000000.0,Serie_A_2017.csv,Serie A,,
Adam Ounas,20,Algeria,Right Winger,4000000,G. Bordeaux,12000000.0,Serie_A_2017.csv,Serie A,,
Davide Frattesi,17,Italy,Central Midfield,200000,Roma,14600000.0,Serie_A_2017.csv,Serie A,,
Gianluca Caprari,23,Italy,Second Striker,6000000,Inter,15000000.0,Serie_A_2017.csv,Serie A,,
Gastón Ramírez,26,Uruguay,Central Midfield,6000000,Middlesbrough,6300000.0,Serie_A_2017.csv,Serie A,,
Bruno Fernandes,22,Portugal,Attacking Midfield,7500000,Udinese,6000000.0,Serie_A_2017.csv,Serie A,,
Riad Bajić,23,Bosnia-Herzegovina,Centre-Forward,5000000,Konyaspor,5500000.0,Serie_A_2017.csv,Serie A,,
Josip Iličić,29,Slovenia,Attacking Midfield,10000000,Fiorentina,6400000.0,Serie_A_2017.csv,Serie A,,
Dušan Vlahović,22,Serbia,Centre-Forward,70000000,Fiorentina,83500000.0,Serie_A_2021.csv,Serie A,,
Tammy Abraham,23,England,Centre-Forward,38000000,Chelsea,41000000.0,Serie_A_2021.csv,Serie A,,
Nico González,23,Argentina,Left Winger,22000000,Stuttgart,27370000.0,Serie_A_2021.csv,Serie A,,
Weston McKennie,22,USA,Central Midfield,25000000,FC Schalke 04,21900000.0,Serie_A_2021.csv,Serie A,,
Eldor Shomurodov,26,Uzbekistan,Centre-Forward,7000000,Genoa,19600000.0,Serie_A_2021.csv,Serie A,,
Arthur Cabral,23,Brazil,Centre-Forward,15000000,Basel,15500000.0,Serie_A_2021.csv,Serie A,,
Jonathan Ikoné,23,France,Right Winger,22000000,Lille,15400000.0,Serie_A_2021.csv,Serie A,,
Musa Barrow,22,Gambia,Left Winger,20000000,Atalanta,14340000.0,Serie_A_2021.csv,Serie A,,
Teun Koopmeiners,23,Netherlands,Attacking Midfield,16500000,AZ Alkmaar,14000000.0,Serie_A_2021.csv,Serie A,,
Yacine Adli,21,France,Attacking Midfield,9000000,G. Bordeaux,9000000.0,Serie_A_2021.csv,Serie A,,
Hamed Traoré,21,Ivory Coast,Left Winger,20000000,FC Empoli,16000000.0,Serie_A_2021.csv,Serie A,,
Ivan Ilić,20,Serbia,Central Midfield,8000000,Man City U23,7500000.0,Serie_A_2021.csv,Serie A,,
Toma Bašić,24,Croatia,Central Midfield,9000000,G. Bordeaux,7100000.0,Serie_A_2021.csv,Serie A,,
Kaio Jorge,19,Brazil,Centre-Forward,12000000,Santos,7000000.0,Serie_A_2021.csv,Serie A,,
Kelvin Yeboah,21,Italy,Centre-Forward,4000000,Sturm Graz,6500000.0,Serie_A_2021.csv,Serie A,,
Kevin Lasagna,28,Italy,Centre-Forward,6000000,Udinese,6500000.0,Serie_A_2021.csv,Serie A,,
Éderson,22,Brazil,Central Midfield,5000000,Corinthians,6500000.0,Serie_A_2021.csv,Serie A,,
Marko Arnautović,32,Austria,Centre-Forward,10000000,SH Port,6000000.0,Serie_A_2021.csv,Serie A,,
Gianluca Busio,19,USA,Centre-Forward,6000000,Kansas City,6000000.0,Serie_A_2021.csv,Serie A,,
Antonín Barák,26,Czech Republic,Attacking Midfield,14000000,Udinese,6000000.0,Serie_A_2021.csv,Serie A,,
Thomas Henry,26,France,Centre-Forward,5000000,OH Leuven,5500000.0,Serie_A_2021.csv,Serie A,,
Ernesto Torregrossa,29,Italy,Centre-Forward,5500000,Brescia,5500000.0,Serie_A_2021.csv,Serie A,,
Antonino La Gumina,25,Italy,Centre-Forward,2000000,FC Empoli,5500000.0,Serie_A_2021.csv,Serie A,,
Álvaro Morata,24,Spain,Centre-Forward,40000000,Real Madrid,66000000.0,premier_league_2017.csv,Premier League,,
Danny Drinkwater,27,England,Central Midfield,9000000,Leicester,37900000.0,premier_league_2017.csv,Premier League,,
Olivier Giroud,31,France,Centre-Forward,20000000,Arsenal,17000000.0,premier_league_2017.csv,Premier League,,
Ross Barkley,24,England,Central Midfield,25000000,Everton,16800000.0,premier_league_2017.csv,Premier League,,
Fernando Llorente,32,Spain,Centre-Forward,6000000,Swansea,15100000.0,premier_league_2017.csv,Premier League,,
Bernardo Silva,22,Portugal,Attacking Midfield,40000000,Monaco,50000000.0,premier_league_2017.csv,Premier League,,
Alex Oxlade-Chamberlain,24,England,Central Midfield,22000000,Arsenal,38000000.0,premier_league_2017.csv,Premier League,,
Pierre-Emerick Aubameyang,28,Gabon,Centre-Forward,65000000,Dortmund,63750000.0,premier_league_2017.csv,Premier League,,
Alexandre Lacazette,26,France,Centre-Forward,40000000,Lyon,53000000.0,premier_league_2017.csv,Premier League,,
Henrikh Mkhitaryan,29,Armenia,Central Midfield,35000000,Man Utd,34000000.0,premier_league_2017.csv,Premier League,,
Romelu Lukaku,24,Belgium,Centre-Forward,50000000,Everton,84700000.0,premier_league_2017.csv,Premier League,,
Alexis Sánchez,29,Chile,Centre-Forward,70000000,Arsenal,34000000.0,premier_league_2017.csv,Premier League,,
Gylfi Sigurdsson,27,Iceland,Attacking Midfield,25000000,Swansea,49400000.0,premier_league_2017.csv,Premier League,,
Cenk Tosun,26,Turkey,Centre-Forward,10500000,Beşiktaş,22500000.0,premier_league_2017.csv,Premier League,,
Nikola Vlašić,19,Croatia,Attacking Midfield,4000000,Hajduk Split,10800000.0,premier_league_2017.csv,Premier League,,
Sandro Ramírez,21,Spain,Centre-Forward,10000000,Málaga CF,6000000.0,premier_league_2017.csv,Premier League,,
Guido Carrillo,26,Argentina,Centre-Forward,6000000,Monaco,22000000.0,premier_league_2017.csv,Premier League,,
Oliver Burke,20,Scotland,Centre-Forward,7000000,Leipzig,15200000.0,premier_league_2017.csv,Premier League,,
Jay Rodriguez,27,England,Centre-Forward,10000000,Southampton,13700000.0,premier_league_2017.csv,Premier League,,
Yuning Zhang,20,China,Centre-Forward,700000, Vitesse,7200000.0,premier_league_2017.csv,Premier League,,
Marko Arnautović,28,Austria,Centre-Forward,15000000,Stoke City,22300000.0,premier_league_2017.csv,Premier League,,
Chicharito,29,Mexico,Centre-Forward,18000000,Leverkusen,17800000.0,premier_league_2017.csv,Premier League,,
Jordan Hugill,25,England,Centre-Forward,3000000,Preston,10200000.0,premier_league_2017.csv,Premier League,,
Kelechi Iheanacho,20,Nigeria,Centre-Forward,15000000,Man City,27700000.0,premier_league_2017.csv,Premier League,,
Adrien Silva,28,Portugal,Central Midfield,25000000,Sporting,20500000.0,premier_league_2017.csv,Premier League,,
Alexander Sørloth,22,Norway,Centre-Forward,2000000,Central Jutland,16000000.0,premier_league_2017.csv,Premier League,,
André Ayew,28,Ghana,Centre-Forward,18000000,West Ham,22800000.0,premier_league_2017.csv,Premier League,,
Sam Clucas,26,England,Central Midfield,2500000,Hull City,16300000.0,premier_league_2017.csv,Premier League,,
Wilfried Bony,28,Ivory Coast,Centre-Forward,18000000,Man City,13000000.0,premier_league_2017.csv,Premier League,,
Roque Mesa,28,Spain,Central Midfield,12000000,UD Las Palmas,12500000.0,premier_league_2017.csv,Premier League,,
Chris Wood,25,New Zealand,Centre-Forward,6000000,Leeds,16400000.0,premier_league_2017.csv,Premier League,,
Nahki Wells,27,Bermuda,Centre-Forward,5000000,Huddersfield,5400000.0,premier_league_2017.csv,Premier League,,
Andre Gray,26,England,Centre-Forward,10000000,Burnley,20400000.0,premier_league_2017.csv,Premier League,,
Richarlison,20,Brazil,Centre-Forward,2000000,Fluminense,12400000.0,premier_league_2017.csv,Premier League,,
Tom Cleverley,27,England,Central Midfield,8000000,Everton,9300000.0,premier_league_2017.csv,Premier League,,
Will Hughes,22,England,Central Midfield,8000000,Derby,9100000.0,premier_league_2017.csv,Premier League,,
Joselu,27,Spain,Centre-Forward,3500000,Stoke City,5500000.0,premier_league_2017.csv,Premier League,,
Jürgen Locadia,24,Netherlands,Centre-Forward,8500000,PSV,17000000.0,premier_league_2017.csv,Premier League,,
Davy Pröpper,25,Netherlands,Central Midfield,10000000,PSV,13000000.0,premier_league_2017.csv,Premier League,,
Steve Mounié,22,Benin,Centre-Forward,5500000,Montpellier,13000000.0,premier_league_2017.csv,Premier League,,
Alex Pritchard,24,England,Attacking Midfield,5000000,Norwich,12350000.0,premier_league_2017.csv,Premier League,,
Nicolas de Préville,26,France,Centre-Forward,5500000,LOSC Lille,8000000.0,Ligue_1_2017.csv,Ligue 1,,
Jonathan Cafu,26,Brazil,Right Winger,10000000,Ludogorets Razgrad,7500000.0,Ligue_1_2017.csv,Ligue 1,,
Adam Ounas,20,Algeria,Right Winger,4000000,SSC Napoli,12000000.0,Ligue_1_2017.csv,Ligue 1,,
Nicolas Pépé,22,Cote d'Ivoire,Right Winger,3000000,Angers SCO,18000000.0,Ligue_1_2017.csv,Ligue 1,,
Luiz Araújo,21,Brazil,Right Winger,500000,São Paulo,10500000.0,Ligue_1_2017.csv,Ligue 1,,
Xeka,22,Portugal,Central Midfield,1250000,SC Braga,5000000.0,Ligue_1_2017.csv,Ligue 1,,
Martin Terrier,20,France,Left Winger,12000000,LOSC Lille,11000000.0,Ligue_1_2017.csv,Ligue 1,,
Bertrand Traoré,21,Burkina Faso,Right Winger,8000000,Chelsea,10000000.0,Ligue_1_2017.csv,Ligue 1,,
Pape Cheikh,20,Senegal,Central Midfield,800000,Celta de Vigo,10000000.0,Ligue_1_2017.csv,Ligue 1,,
Mariano Diaz,23,Dominican Republic,Centre-Forward,5000000,Real Madrid,8000000.0,Ligue_1_2017.csv,Ligue 1,,
Konstantinos Mitroglou,29,Greece,Centre-Forward,12000000,SL Benfica,15000000.0,Ligue_1_2017.csv,Ligue 1,,
Florian Thauvin,24,France,Second Striker,18000000,Newcastle United,11000000.0,Ligue_1_2017.csv,Ligue 1,,
Valère Germain,27,France,Centre-Forward,10000000,AS Monaco,8000000.0,Ligue_1_2017.csv,Ligue 1,,
Clinton N'Jie,23,Cameroon,Right Winger,7000000,Tottenham Hotspur,7000000.0,Ligue_1_2017.csv,Ligue 1,,
Keita Baldé,22,Senegal,Left Winger,25000000,SS Lazio,30000000.0,Ligue_1_2017.csv,Ligue 1,,
Youri Tielemans,20,Belgium,Central Midfield,22000000,RSC Anderlecht,25000000.0,Ligue_1_2017.csv,Ligue 1,,
Pietro Pellegri,16,Italy,Centre-Forward,8000000,Genoa,20900000.0,Ligue_1_2017.csv,Ligue 1,,
Stevan Jovetić,27,Montenegro,Second Striker,10000000,Inter Milan,10500000.0,Ligue_1_2017.csv,Ligue 1,,
Adama Diakhaby,21,France,Attacking Midfield,1500000,Stade Rennais FC,10000000.0,Ligue_1_2017.csv,Ligue 1,,
Allan Saint-Maximin,20,France,Left Winger,3000000,AS Monaco,10000000.0,Ligue_1_2017.csv,Ligue 1,,
Jean-Victor Makengo,19,France,Central Midfield,900000,SM Caen,6000000.0,Ligue_1_2017.csv,Ligue 1,,
Neymar,25,Brazil,Attacking Midfield,100000000,FC Barcelona,222000000.0,Ligue_1_2017.csv,Ligue 1,,
Ismaïla Sarr,19,Senegal,Right Winger,2500000,FC Metz,17000000.0,Ligue_1_2017.csv,Ligue 1,,
Rafik Guitane,18,Algeria,Right Winger,150000,Le Havre AC,8000000.0,Ligue_1_2017.csv,Ligue 1,,
Diafra Sakho,28,Senegal,Centre-Forward,8000000,West Ham United,5000000.0,Ligue_1_2017.csv,Ligue 1,,
Loïs Diony,24,France,Centre-Forward,3000000,Dijon FCO,10000000.0,Ligue_1_2017.csv,Ligue 1,,
Sadio Mané,30,Senegal,Left Winger,70000000,Liverpool,32000000.0,Bundesliga_2022.csv,Bundesliga,Bayern Munich,
Mathys Tel,17,France,Centre-Forward,2000000,Stade Rennais,20000000.0,Bundesliga_2022.csv,Bundesliga,Bayern Munich,
Sébastien Haller,28,Ivory Coast,Centre-Forward,35000000,Ajax,31000000.0,Bundesliga_2022.csv,Bundesliga,Borussia Dortmund,
Karim Adeyemi,20,Germany,Right Winger,35000000,Red Bull Salzburg,30000000.0,Bundesliga_2022.csv,Bundesliga,Borussia Dortmund,
Timo Werner,26,Germany,Left Winger,35000000,Chelsea,20000000.0,Bundesliga_2022.csv,Bundesliga,RB Leipzig,
Adam Hložek,19,Czech Republic,Second Striker,20000000,Sparta Prague,13000000.0,Bundesliga_2022.csv,Bundesliga,Bayer Leverkusen,
Ritsu Dōan,24,Japan,Right Winger,8000000,PSV Eindhoven,10400000.0,Bundesliga_2022.csv,Bundesliga,SC Freiburg,
Jakub Kamiński,20,Poland,Left Winger,10000000,Lech Poznań,10000000.0,Bundesliga_2022.csv,Bundesliga,VfL Wolfsburg,
Mattias Svanberg,23,Sweden,Central Midfield,15000000,Bologna,9500000.0,Bundesliga_2022.csv,Bundesliga,VfL Wolfsburg,
Nathan Ngoumou,22,France,Right Winger,2500000,Toulouse,8000000.0,Bundesliga_2022.csv,Bundesliga,Borussia Mönchengladbach,
Jens Petter Hauge,22,Norway,Left Winger,8000000,AC Milan,8200000.0,Bundesliga_2022.csv,Bundesliga,Eintracht Frankfurt,
Lucas Alario,29,Argentina,Centre-Forward,8000000,Bayer Leverkusen,6000000.0,Bundesliga_2022.csv,Bundesliga,Eintracht Frankfurt,
Cristiano Ronaldo,33,Portugal,Centre-Forward,100000000,Real Madrid,117000000.0,Serie_A_2018.csv,Serie A,,
Patrik Schick,22,Czech Republic,Centre-Forward,20000000,Sampdoria,42000000.0,Serie_A_2018.csv,Serie A,,
Lucas Paquetá,21,Brazil,Attacking Midfield,15000000,Flamengo,38400000.0,Serie_A_2018.csv,Serie A,,
Radja Nainggolan,30,Belgium,Central Midfield,45000000,Roma,38000000.0,Serie_A_2018.csv,Serie A,,
Lautaro Martínez,20,Argentina,Centre-Forward,25000000,Racing Club,25000000.0,Serie_A_2018.csv,Serie A,,
Javier Pastore,29,Argentina,Attacking Midfield,15000000,PSG,24700000.0,Serie_A_2018.csv,Serie A,,
Simone Verdi,25,Italy,Attacking Midfield,25000000,Bologna,24500000.0,Serie_A_2018.csv,Serie A,,
Justin Kluivert,19,Netherlands,Attacking Midfield,15000000,Ajax,17250000.0,Serie_A_2018.csv,Serie A,,
Joaquín Correa,23,Argentina,Second Striker,10000000,Sevilla FC,17850000.0,Serie_A_2018.csv,Serie A,,
Grégoire Defrel,27,France,Centre-Forward,10000000,Sassuolo,15000000.0,Serie_A_2018.csv,Serie A,,
M'Baye Niang,23,France,Centre-Forward,10000000,AC Milan,12000000.0,Serie_A_2018.csv,Serie A,,
Manolo Gabbiadini,27,Italy,Centre-Forward,10000000,Southampton,11900000.0,Serie_A_2018.csv,Serie A,,
Gianluca Lapadula,28,Italy,Centre-Forward,7000000,AC Milan,11000000.0,Serie_A_2018.csv,Serie A,,
Christian Kouamé,20,Ivory Coast,Centre-Forward,2800000,Cittadella,6350000.0,Serie_A_2018.csv,Serie A,,
Juraj Kucka,31,Slovakia,Central Midfield,2500000,Trabzonspor,6400000.0,Serie_A_2018.csv,Serie A,,
Federico Santander,27,Paraguay,Centre-Forward,2000000,Copenhagen,6500000.0,Serie_A_2018.csv,Serie A,,
Diego Falcinelli,27,Italy,Centre-Forward,3800000,Sassuolo,7000000.0,Serie_A_2018.csv,Serie A,,
Lukasz Teodorczyk,27,Poland,Centre-Forward,7500000,RSC Anderlecht,7000000.0,Serie_A_2018.csv,Serie A,,
Ignacio Pussetto,22,Argentina,Centre-Forward,7000000,Huracán,8000000.0,Serie_A_2018.csv,Serie A,,
Andrea Favilli,21,Italy,Centre-Forward,4000000,Ascoli,7500000.0,Serie_A_2018.csv,Serie A,,
Ronaldo Vieira,20,England,Central Midfield,5000000,Leeds,7350000.0,Serie_A_2018.csv,Serie A,,
Valon Berisha,25,Kosovo,Left Midfield,10000000,Salzburg,7600000.0,Serie_A_2018.csv,Serie A,,
Khouma Babacar,25,Senegal,Centre-Forward,8000000,Fiorentina,7000000.0,Serie_A_2018.csv,Serie A,,
Lucas Castro,29,Argentina,Attacking Midfield,7000000,Chievo Verona,5900000.0,Serie_A_2018.csv,Serie A,,
Jens Odgaard,19,Denmark,Attacking Midfield,800000,Inter,5820000.0,Serie_A_2018.csv,Serie A,,
Jasmin Kurtic,29,Slovenia,Central Midfield,5000000,Atalanta,5300000.0,Serie_A_2018.csv,Serie A,,
Felipe Vizeu,21,Brazil,Centre-Forward,1500000,Flamengo,5000000.0,Serie_A_2018.csv,Serie A,,
Romelu Lukaku,26,Belgium,Centre-Forward,75000000,Man Utd,74000000.0,Serie_A_2019.csv,Serie A,,
Dejan Kulusevski,19,Sweden,Attacking Midfield,25000000,Atalanta,39000000.0,Serie_A_2019.csv,Serie A,,
Franck Kessié,22,Ivory Coast,Central Midfield,33000000,Atalanta,32000000.0,Serie_A_2019.csv,Serie A,,
Nicolás Domínguez,21,Argentina,Central Midfield,12500000,Vélez Sarsfield,10980000.0,Serie_A_2019.csv,Serie A,,
Nahitan Nández,23,Uruguay,Central Midfield,18000000,Boca Juniors,16200000.0,Serie_A_2019.csv,Serie A,,
Pedro,22,Brazil,Centre-Forward,18000000,Fluminense,11000000.0,Serie_A_2019.csv,Serie A,,
Andrea Petagna,24,Italy,Centre-Forward,20000000,SPAL,12000000.0,Serie_A_2019.csv,Serie A,,
Duván Zapata,28,Colombia,Centre-Forward,45000000,Sampdoria,12000000.0,Serie_A_2019.csv,Serie A,,
Ruslan Malinovskyi,26,Ukraine,Attacking Midfield,12500000,Genk,13600000.0,Serie_A_2019.csv,Serie A,,
Luis Muriel,28,Colombia,Centre-Forward,13000000,Sevilla FC,21200000.0,Serie_A_2019.csv,Serie A,,
Roberto Soriano,28,Italy,Attacking Midfield,7000000,Villarreal,8000000.0,Serie_A_2019.csv,Serie A,,
Kai Havertz,21,Germany,Centre-Forward,81000000,Leverkusen,100000000.0,premier_league_2020.csv,Premier League,,
Fábio Silva,18,Portugal,Centre-Forward,12000000,Porto,40000000.0,premier_league_2020.csv,Premier League,,
Donny van de Beek,23,Netherlands,Central Midfield,44000000,Ajax,39000000.0,premier_league_2020.csv,Premier League,,
Ollie Watkins,24,England,Centre-Forward,12000000,Brentford,34000000.0,premier_league_2020.csv,Premier League,,
Ferran Torres,20,Spain,Centre-Forward,45000000,Valencia,33500000.0,premier_league_2020.csv,Premier League,,
Rodrigo,29,Spain,Centre-Forward,40000000,Valencia,30000000.0,premier_league_2020.csv,Premier League,,
Rhian Brewster,20,England,Centre-Forward,5400000,Liverpool U23,26000000.0,premier_league_2020.csv,Premier League,,
Callum Wilson,28,England,Centre-Forward,20000000,Bournemouth,22250000.0,premier_league_2020.csv,Premier League,,
Eberechi Eze,22,England,Attacking Midfield,9000000,QPR,17800000.0,premier_league_2020.csv,Premier League,,
Karlan Grant,23,England,Centre-Forward,8000000,Huddersfield,16500000.0,premier_league_2020.csv,Premier League,,
Morgan Sanson,26,France,Central Midfield,20000000,Marseille,15800000.0,premier_league_2020.csv,Premier League,,
Matheus Pereira,24,Brazil,Attacking Midfield,9500000,Sporting,8250000.0,premier_league_2020.csv,Premier League,,
Nahuel Bustos,22,Argentina,Centre-Forward,6700000,CA Talleres,6500000.0,premier_league_2020.csv,Premier League,,
Oliver Burke,23,Scotland,Centre-Forward,4800000,West Brom,6500000.0,premier_league_2020.csv,Premier League,,
Randal Kolo Muani,24,France,Centre-Forward,80000000,Eintracht Frankfurt,95000000.0,Ligue_1_2023.csv,Ligue 1,,
Gonçalo Ramos,22,Portugal,Centre-Forward,50000000,SL Benfica,65000000.0,Ligue_1_2023.csv,Ligue 1,,
Ousmane Dembélé,26,France,Centre-Forward,60000000,FC Barcelona,50000000.0,Ligue_1_2023.csv,Ligue 1,,
Bradley Barcola,20,France,Left Winger,18000000,Olympique Lyon,45000000.0,Ligue_1_2023.csv,Ligue 1,,
Hugo Ekitiké,21,France,Centre-Forward,20000000,Stade Reims,28500000.0,Ligue_1_2023.csv,Ligue 1,,
Kang-in Lee,22,South Korea,Right Winger,22000000,RCD Mallorca,22000000.0,Ligue_1_2023.csv,Ligue 1,,
Elye Wahi,20,France,Centre-Forward,35000000,Montpellier HSC,30000000.0,Ligue_1_2023.csv,Ligue 1,,
Andy Diouf,20,France,Central Midfield,7000000,FC Basel,14000000.0,Ligue_1_2023.csv,Ligue 1,,
Angelo Fulgini,26,France,Attacking Midfield,9000000,Mainz 05,7200000.0,Ligue_1_2023.csv,Ligue 1,,
Iliman Ndiaye,23,Senegal,Right Winger,18000000,Sheffield United,17000000.0,Ligue_1_2023.csv,Ligue 1,,
Ismaïla Sarr,25,Senegal,Right Winger,20000000,Watford,13000000.0,Ligue_1_2023.csv,Ligue 1,,
Ruslan Malinovskyi,30,Ukraine,Attacking Midfield,15000000,Atalanta,10000000.0,Ligue_1_2023.csv,Ligue 1,,
Faris Moumbagne,23,Cameroon,Centre-Forward,7000000,Bodø/Glimt,8000000.0,Ligue_1_2023.csv,Ligue 1,,
Amine Harit,26,Morocco,Attacking Midfield,12000000,Schalke 04,5000000.0,Ligue_1_2023.csv,Ligue 1,,
Folarin Balogun,22,United States,Centre-Forward,30000000,Arsenal,30000000.0,Ligue_1_2023.csv,Ligue 1,,
Enzo Le Fée,23,France,Central Midfield,20000000,FC Lorient,20000000.0,Ligue_1_2023.csv,Ligue 1,,
Fabian Rieder,21,Switzerland,Attacking Midfield,15000000,Young Boys,15000000.0,Ligue_1_2023.csv,Ligue 1,,
Ludovic Blas,25,France,Right Winger,20000000,FC Nantes,15000000.0,Ligue_1_2023.csv,Ligue 1,,
Bertuğ Yıldırım,21,Turkey,Centre-Forward,2700000,Hatayspor,5400000.0,Ligue_1_2023.csv,Ligue 1,,
Hákon Arnar Haraldsson,20,Iceland,Attacking Midfield,6000000,FC Copenhagen,15000000.0,Ligue_1_2023.csv,Ligue 1,,
Malick Fofana,18,Belgium,Left Winger,8000000,KAA Gent,19500000.0,Ligue_1_2023.csv,Ligue 1,,
Gift Orban,21,Nigeria,Centre-Forward,15000000,KAA Gent,14000000.0,Ligue_1_2023.csv,Ligue 1,,
Terem Moffi,24,Nigeria,Centre-Forward,20000000,FC Lorient,22500000.0,Ligue_1_2023.csv,Ligue 1,,
Jérémie Boga,26,Cote d'Ivoire,Left Winger,14000000,Atalanta,17500000.0,Ligue_1_2023.csv,Ligue 1,,
Mohamed-Ali Cho,19,France,Right Winger,8000000,Real Sociedad,10000000.0,Ligue_1_2023.csv,Ligue 1,,
Mohamed Bamba,22,Cote d'Ivoire,Centre-Forward,1200000,Wolfsberger AC,5000000.0,Ligue_1_2023.csv,Ligue 1,,
Mohamed Daramy,21,Denmark,Left Winger,6000000,Ajax,12000000.0,Ligue_1_2023.csv,Ligue 1,,
Keith Nakamura,23,Japan,Left Winger,8000000,LASK,12000000.0,Ligue_1_2023.csv,Ligue 1,,
Teddy Teuma,29,Malta,Central Midfield,5000000,Union SG,5450000.0,Ligue_1_2023.csv,Ligue 1,,
Emmanuel Emegha,20,Netherlands,Centre-Forward,8000000,Sturm Graz,13000000.0,Ligue_1_2023.csv,Ligue 1,,
Dilane Bakwa,20,France,Right Winger,4000000,Bordeaux,10000000.0,Ligue_1_2023.csv,Ligue 1,,
Douglas Augusto,26,Brazil,Central Midfield,4500000,PAOK,6800000.0,Ligue_1_2023.csv,Ligue 1,,
Mostafa Mohamed,25,Egypt,Centre-Forward,6000000,Galatasaray,5750000.0,Ligue_1_2023.csv,Ligue 1,,
Andy Delort,31,Algeria,Centre-Forward,7000000,Nice,5000000.0,Ligue_1_2023.csv,Ligue 1,,
Adson,22,Brazil,Right Winger,6000000,Corinthians,5000000.0,Ligue_1_2023.csv,Ligue 1,,
